Y,fid,sumSWEpos,sumSWEabs,slope,northness,mergeVDA,aspect,SWEmin,SWEmax,SWEmean
0,167,52,7.68,54.95902634,-0.992523789,2350.604004,101.9808578,-0.14,-0.64,-0.39
0,600,55,6.95,40.41882324,-0.972885072,2583.524902,39.40179443,-0.18,-0.93,-0.48
0,183,27,3.5,33.08663177,-0.97213465,1834.64502,274.6744995,-0.18,-0.69,-0.35
0,54,56,9.54,23.79852295,-0.945773721,2620.302979,322.2467041,-0.2,-0.75,-0.46
0,191,54,8.74,45.84536362,-0.934194624,2584.812988,124.3144226,-0.16,-0.82,-0.41
0,12,53,5.46,13.85908031,-0.92937845,2331.876953,155.7683716,-0.25,-0.67,-0.45
0,56,37,4.73,45.22931671,-0.924490154,1621.578979,237.4136047,-0.18,-0.69,-0.35
0,192,32,6.72,39.34914398,-0.91589576,2086.565918,231.3128815,-0.09,-0.86,-0.23
0,138,53,5.81,36.01112747,-0.89956677,2224.740967,228.2030487,-0.2,-0.75,-0.46
0,189,19,2.33,16.82530785,-0.896252573,1087.469971,284.2367859,-0.09,-0.86,-0.23
0,173,55,6.76,38.87781906,-0.876708984,2342.978027,162.1137085,-0.15,-0.59,-0.38
0,195,46,7.34,39.57926559,-0.874235153,2336.125,168.48349,-0.17,-0.85,-0.36
0,67,33,5.71,26.41431236,-0.869054794,1663.581055,224.1885071,-0.09,-0.86,-0.23
0,516,6,1.16,42.21971512,-0.859922051,1091.98999,139.2975464,-0.03,-1.03,-0.17
0,118,4,1.14,36.62273026,-0.843197465,631.8850098,353.7203369,-0.1,-0.8,-0.23
0,87,46,5.31,10.56920147,-0.833865404,2109.25,133.104538,-0.09,-1.05,-0.23
0,42,57,11.82,36.46565628,-0.829377115,3109.128906,159.147644,-0.16,-1.1,-0.53
0,126,54,5.83,19.92826843,-0.827306092,2327.353027,180.9935913,-0.2,-0.75,-0.46
0,190,7,1.92,36.39085007,-0.821155131,893.223999,215.7533569,-0.09,-0.86,-0.23
0,62,55,5.74,11.3281126,-0.813684642,2297.106934,240.8657074,-0.14,-0.64,-0.39
0,179,55,8.44,4.911802292,-0.792356908,2546.831055,220.8528748,-0.21,-1.44,-0.69
0,140,25,2.93,19.72729683,-0.768366277,1339.051025,199.441925,-0.18,-0.92,-0.33
0,37,56,10.15,16.56546021,-0.755545378,2516.628906,183.741333,-0.19,-0.91,-0.46
0,83,55,8.58,48.19492722,-0.717440069,2714.896973,259.7952881,-0.19,-0.91,-0.46
0,101,16,1.96,14.02435112,-0.713587582,1142.749023,236.4205933,-0.09,-1.05,-0.23
0,92,33,4.15,52.62973785,-0.69968611,1435.812988,10.92597961,-0.16,-0.94,-0.31
0,17,55,7.7,41.64231491,-0.696779728,2420.541992,328.0500488,-0.19,-0.91,-0.46
0,15,55,8.01,33.75026703,-0.692306578,2396.091064,280.8829346,-0.19,-0.91,-0.46
0,51,52,5.4,11.64693451,-0.686809778,2190.789063,265.9929504,-0.15,-0.59,-0.38
0,72,33,4.14,18.08564377,-0.669641614,1690.925049,1.31728363,-0.14,-0.64,-0.39
0,90,28,4.44,47.85479355,-0.665649056,1664.661011,89.61073303,-0.14,-0.64,-0.39
0,36,52,5.4,11.69447517,-0.661645174,2191.560059,13.6100769,-0.15,-0.59,-0.38
0,155,55,7.72,19.68307304,-0.655798495,2462.118896,318.3891907,-0.2,-0.75,-0.46
0,145,57,10.05,32.14085007,-0.653567135,2880.771973,287.6253052,0,0,0
0,178,11,2.06,13.35780716,-0.648389161,1192.694946,98.53622437,-0.1,-0.8,-0.23
0,40,34,4.15,27.45493317,-0.648053706,1833.529053,118.2900391,-0.19,-0.91,-0.46
0,152,52,7.41,23.26127815,-0.635287762,2023.21106,52.67941284,-0.09,-0.76,-0.26
0,81,57,11.85,22.73038483,-0.607417464,3081.554932,278.4783325,-0.21,-1.01,-0.6
0,153,54,5.73,55.2399292,-0.607332349,2330.426025,32.09593582,-0.17,-0.85,-0.36
0,69,56,12.3,26.33277321,-0.592298448,3213.561035,242.5912628,-0.16,-1.1,-0.53
0,497,32,4.04,25.80542946,-0.579822958,1420.790039,243.0985718,-0.23,-0.84,-0.36
0,44,44,5.02,13.32962894,-0.572116137,1838.108032,73.23148346,-0.16,-0.94,-0.31
0,4,46,4.84,25.72020531,-0.550584376,2057.571045,67.65934753,-0.14,-0.64,-0.39
0,73,30,3.75,24.21861458,-0.544453919,1413.302979,277.2180786,-0.09,-0.86,-0.23
0,95,26,2.79,15.05717564,-0.504237473,1469.524048,192.6204529,-0.09,-1.05,-0.23
0,109,13,1.3,41.38964462,-0.503499687,1057.366943,89.2698822,-0.09,-0.76,-0.26
0,462,0,0.34,64.90415192,-0.498488665,2345.334961,123.1267853,-0.15,-0.61,-0.29
0,21,48,7.28,13.43392372,-0.493801624,2031.119019,181.5082092,-0.21,-1.44,-0.69
0,585,54,6.72,31.91445351,-0.466689348,2467.844971,48.9139061,-0.18,-0.93,-0.48
0,121,16,1.91,14.47650433,-0.462132722,1211.661987,141.8838501,-0.09,-1.05,-0.23
0,597,54,6.47,13.65621948,-0.457550257,2402.00293,223.5953674,-0.18,-0.93,-0.48
0,185,6,1.19,14.42857075,-0.453765124,831.0499878,204.697052,-0.09,-1.05,-0.23
0,107,55,9.52,63.41099548,-0.445187062,2491.040039,136.0384827,-0.21,-1.44,-0.69
0,47,44,5.94,23.18550682,-0.441298008,1838.108032,207.8395386,-0.2,-0.75,-0.46
0,64,50,5.25,29.07001495,-0.432239324,1992.52002,164.0126953,-0.17,-0.85,-0.36
0,556,51,6.22,38.37358093,-0.42871663,2022.29895,116.9956131,-0.15,-0.61,-0.29
0,146,1,0.13,0.467354357,-0.41252172,525.6519775,212.4711914,-0.09,-0.86,-0.23
0,160,48,4.84,30.27186394,-0.374056309,1941.785034,56.97211456,-0.14,-0.64,-0.39
0,534,35,4.3,7.122286797,-0.364646852,1631.244019,242.4148254,-0.19,-0.72,-0.36
0,99,39,4.66,46.07920456,-0.363114476,1714.573975,188.0622253,-0.16,-0.82,-0.41
0,102,49,6.21,58.2168808,-0.338186443,2053.773926,110.3024445,-0.19,-0.91,-0.46
0,68,21,2.68,35.96782303,-0.336041331,1307.490967,283.0906982,-0.04,-1.08,-0.19
0,35,57,9.9,22.42767334,-0.318305939,2849.211914,195.6311493,-0.21,-1.01,-0.6
0,103,53,5.81,41.18164063,-0.315581679,2193.37207,227.4286499,-0.2,-0.75,-0.46
0,495,54,6.76,11.08845901,-0.298719943,2332.24707,27.96962738,-0.18,-0.93,-0.48
0,119,55,8.2,23.17321205,-0.294953823,2547.012939,27.94993973,-0.14,-0.64,-0.39
0,45,53,13.28,45.3175087,-0.278904408,3101.309082,217.0608063,-0.21,-1.44,-0.69
0,144,57,10.89,24.87267685,-0.256905586,2865.110107,177.4570313,-0.14,-0.64,-0.39
0,575,56,6.43,18.90456581,-0.256198198,2489.870117,347.9751282,-0.18,-0.93,-0.48
0,129,47,5.11,18.52595329,-0.253239185,1810.109985,239.6823425,-0.2,-0.75,-0.46
0,169,56,7.7,38.09191132,-0.250177175,2473.061035,324.2963562,-0.25,-0.67,-0.45
0,26,26,2.79,22.61209106,-0.249725372,1519.55603,235.1758118,-0.09,-1.05,-0.23
0,110,34,4.69,39.91288757,-0.229319736,1900.534058,131.6562805,-0.09,-1.05,-0.23
0,33,48,5.82,41.72926331,-0.226161405,2189.379883,308.1717529,-0.16,-1.1,-0.53
0,170,17,2.35,30.20517159,-0.226141021,1079.501953,151.0404968,-0.09,-0.86,-0.23
0,2,2,1.19,48.8428421,-0.222431436,653.5419922,172.5607605,-0.09,-1.05,-0.23
0,41,53,5.07,7.417586327,-0.220557138,2164.573975,263.6479492,-0.16,-1.1,-0.53
0,500,47,6.38,49.95632172,-0.217513487,1960.444946,192.410553,-0.23,-0.84,-0.36
0,7,31,4.68,10.08400154,-0.181995556,1844.118042,207.6468048,-0.09,-0.86,-0.23
0,34,22,2.43,9.612054825,-0.181982026,1256.357056,290.3844604,-0.09,-1.05,-0.23
0,76,12,2.07,22.2998333,-0.171424061,1085.004028,285.2854004,-0.09,-0.86,-0.23
0,25,47,4.92,21.61471558,-0.147318706,1919.375,263.4814453,-0.2,-0.75,-0.46
0,157,33,5.71,26.05476952,-0.143811911,1610.574951,219.730011,-0.09,-0.86,-0.23
0,132,56,9.3,28.10153198,-0.142566338,2702.443115,193.8011627,-0.2,-0.75,-0.46
0,125,37,4.54,15.54109478,-0.127765805,1638.349976,187.6179199,-0.18,-0.92,-0.33
0,57,57,11.29,44.2870369,-0.124989666,3183.811035,307.4464111,-0.2,-0.75,-0.46
0,91,54,9.05,56.72293854,-0.121110149,2507.000977,131.1736145,-0.14,-0.64,-0.39
0,117,54,5.83,26.31392288,-0.11804013,2332.87207,169.5180511,-0.25,-0.67,-0.45
0,5,54,5.98,21.65176964,-0.116074495,2225.7229,294.9535522,-0.25,-0.67,-0.45
0,106,25,3.95,33.48493958,-0.103475682,1903.578979,194.660675,-0.09,-0.86,-0.23
0,63,32,3.49,18.10342979,-0.095284261,1535.285034,172.646759,-0.09,-1.05,-0.23
0,177,54,5.02,34.44984436,-0.09064915,2399.797119,344.5714111,-0.18,-0.69,-0.35
0,141,6,1.5,44.56287384,-0.090418577,893.5969849,43.81669617,-0.09,-0.76,-0.26
0,60,57,11.4,41.20365906,-0.082708895,3056.325928,251.5625305,-0.21,-1.01,-0.6
0,20,6,0.49,14.8846674,-0.078854226,856.9019775,22.09887695,-0.1,-0.8,-0.23
0,130,4,1.01,28.02157021,-0.075478993,643.2349854,175.6225891,-0.09,-1.05,-0.23
0,150,55,8.51,29.46495247,-0.073261835,2356.092041,69.1940155,-0.19,-0.91,-0.46
0,100,55,6.63,20.01709366,-0.072789803,2443.4729,232.3986359,-0.25,-0.67,-0.45
0,61,17,2.01,40.94187164,-0.064645551,970.9429932,234.9248352,-0.18,-0.92,-0.33
0,39,50,9.98,44.12898636,-0.060278229,2463.774902,68.68994904,-0.19,-0.91,-0.46
0,172,55,8.49,22.65307045,-0.059545316,2332.608887,339.3890381,-0.1,-0.8,-0.23
0,151,52,10.17,53.47130585,-0.058021139,2511.99292,19.97846222,-0.19,-0.91,-0.46
0,32,55,7.78,31.71039391,-0.050179578,2481.561035,257.4368286,-0.19,-0.91,-0.46
0,437,46,6.09,47.3041153,-0.045469224,1849.034058,298.708313,-0.23,-0.84,-0.36
0,176,30,3.44,15.20860195,-0.042706698,1556.347046,94.15847778,-0.16,-0.94,-0.31
0,193,57,13.93,37.99067307,-0.034296896,3061.400879,172.907196,-0.21,-1.44,-0.69
0,74,57,11.26,34.39067841,-0.027567375,2842.396973,191.8039246,-0.21,-1.44,-0.69
0,464,53,5.16,4.508307457,-0.025176607,2011.764038,97.76316833,-0.18,-0.93,-0.48
0,6,57,10.12,15.81453991,-0.021006988,2954.096924,216.571106,-0.21,-1.01,-0.6
0,142,41,5.13,6.295680523,-0.011007048,2003.297974,16.78577423,-0.19,-0.91,-0.46
0,485,48,4.5,24.49583626,-0.002207352,1836.73999,295.8630981,-0.19,-0.72,-0.36
0,161,17,2.15,3.249433279,-0.001855312,1077.594971,65.95620728,-0.18,-0.92,-0.33
0,11,17,2.32,6.287996769,0.001339283,1020.161987,266.7532959,-0.09,-0.86,-0.23
0,115,9,2,12.60497284,0.002657972,1073.255005,232.5467834,-0.09,-0.86,-0.23
0,194,45,6.24,53.41082764,0.002923592,2132.531006,99.63773346,-0.09,-1.05,-0.23
0,461,47,4.2,34.60216522,0.006033087,1805.071045,185.4621887,-0.19,-0.72,-0.36
0,66,23,3.26,22.29638672,0.009070132,1194.657959,122.5522995,-0.16,-0.82,-0.41
0,137,9,1.49,22.0199337,0.00940029,939.5560303,150.4637299,-0.03,-1.03,-0.17
0,539,37,3.73,6.25603056,0.017923163,1434.991943,225.4736938,-0.23,-0.84,-0.36
0,9,19,2.27,28.25266075,0.019533433,1189.838989,203.080658,-0.09,-1.05,-0.23
0,22,56,13.08,59.14850616,0.025470424,3362.687988,113.1467514,-0.19,-0.91,-0.46
0,134,40,4.43,22.31329155,0.026774678,1833.239014,188.4108887,-0.09,-1.05,-0.23
0,594,5,1.17,24.77198219,0.033417061,720.3619995,178.1393127,-0.03,-1.03,-0.17
0,527,56,6.33,13.31228638,0.039525695,2283.666992,323.1685181,-0.18,-0.93,-0.48
0,71,12,1.68,17.92768669,0.039652094,1071.387939,188.4457703,-0.09,-1.05,-0.23
0,98,30,4.11,0.506908119,0.04290092,1306.641968,135,-0.16,-0.82,-0.41
0,43,55,8.79,50.17961502,0.043240737,2583.74292,261.2806396,-0.19,-0.91,-0.46
0,188,56,9.13,28.21550179,0.043812469,2621.888916,315,-0.21,-1.01,-0.6
0,93,56,9.5,34.0775032,0.044521976,2426.304932,160.1246643,-0.19,-0.91,-0.46
0,449,42,5.93,25.00787354,0.048542228,1552.912964,349.117157,-0.23,-0.84,-0.36
0,123,36,4.56,15.58975124,0.061861709,1880.988037,140.8195038,-0.14,-0.64,-0.39
0,520,12,0.59,78.09674072,0.068114519,1161.524048,122.3987732,-0.15,-0.61,-0.29
0,168,4,1.17,9.682785034,0.075144574,802.257019,179.3697205,-0.09,-0.86,-0.23
0,82,9,1.28,43.87333679,0.075689949,848.6939697,80.91155243,-0.1,-0.8,-0.23
0,70,55,7.74,17.0098381,0.079721786,2462.616943,267.1181641,-0.21,-1.01,-0.6
0,10,15,1.85,12.34788799,0.079966769,1070.833984,5.905319214,-0.18,-0.92,-0.33
0,122,57,10013.33,34.37061691,0.085466549,3222.020996,153.4600983,-0.19,-0.91,-0.46
0,52,55,10013.47,47.30246353,0.090670377,3348.341064,200.5262146,-0.21,-1.44,-0.69
0,198,51,5.76,9.518782616,0.093781903,2344.139893,262.365387,-0.2,-0.75,-0.46
0,166,52,5,37.57992554,0.110317022,2140.718994,124.4752884,-0.14,-0.64,-0.39
0,124,50,5.58,26.02383232,0.132275775,2067.349121,342.2626953,-0.1,-0.8,-0.23
0,49,57,10014.16,18.98866272,0.1386213,3675.889893,208.8927155,0,0,0
0,80,55,7.93,25.4430275,0.138809696,2448.820068,44.45424271,-0.2,-0.75,-0.46
0,78,3,1.18,2.401021719,0.1463902,508.1889954,157.2983398,-0.09,-1.05,-0.23
0,131,27,2.8,23.42409134,0.147144303,1453.708984,160.3703308,-0.09,-1.05,-0.23
0,182,51,8.92,37.93276215,0.150907621,2566.228027,27.56439972,-0.16,-1.1,-0.53
0,89,23,3.08,69.94202423,0.161966294,1279.489014,348.494873,-0.16,-0.94,-0.31
0,97,40,5.19,28.0636673,0.17080918,1541.571045,253.5131073,-0.09,-0.86,-0.23
0,28,6,1.18,28.58447647,0.175565556,848.6950073,213.0153809,-0.03,-1.03,-0.17
0,181,47,4.63,15.3204546,0.179200426,1912.725952,279.107666,-0.2,-0.75,-0.46
0,29,24,3.19,22.73639107,0.181414798,1243.817993,242.1734467,-0.09,-0.86,-0.23
0,186,56,9.54,24.52809715,0.199230969,2550.330078,351.5003052,-0.2,-0.75,-0.46
0,128,2,1.03,12.31123352,0.206779882,486.6000061,30.45569229,-0.09,-1.05,-0.23
0,592,56,6.33,13.42063236,0.230363443,2296.184082,58.94073486,-0.18,-0.93,-0.48
0,53,55,9.41,60.36338806,0.236574695,2410.016113,125.2744827,-0.19,-0.91,-0.46
0,46,17,2.19,9.112099648,0.242001504,1122.401001,201.9674072,-0.09,-1.05,-0.23
0,541,33,7.08,62.10932159,0.248944238,2324.106934,284.9385681,-0.19,-0.72,-0.36
0,104,56,9.5,28.54768372,0.252399206,2465.48291,99.3228302,-0.19,-0.91,-0.46
0,96,0,0.73,63.09984207,0.259615898,3236.413086,152.5653076,-0.19,-0.91,-0.46
0,200,43,5.47,20.02009201,0.261492908,1933.125977,260.4642944,-0.15,-0.59,-0.38
0,86,56,7.79,4.13233614,0.262544245,2545.013916,56.22938538,-0.14,-0.64,-0.39
0,158,38,4.37,5.490957737,0.273244411,1693.302002,257.2166748,-0.2,-0.75,-0.46
0,48,48,6.21,8.433680534,0.287000835,2112.635986,323.2338867,-0.18,-0.69,-0.35
0,197,40,4.39,16.08286095,0.290606022,1634.807983,43.06555939,-0.11,-0.72,-0.3
0,159,50,5.36,16.1634922,0.290968686,2011.196045,200.3392639,-0.16,-0.94,-0.31
0,162,16,2.52,43.18992996,0.291172355,1285.676025,311.4389648,-0.1,-0.8,-0.23
0,3,9,1.88,24.79455948,0.294420987,1060.985962,155.0297546,-0.09,-1.05,-0.23
0,59,53,5.76,41.33259201,0.294684589,2206.878906,286.5587158,-0.2,-0.75,-0.46
0,434,51,5.17,19.61099434,0.310113877,2006.844971,234.9922943,-0.19,-0.72,-0.36
0,77,54,8.07,38.68745804,0.314094603,2592.646973,195.1643372,-0.16,-0.82,-0.41
0,19,33,4,42.14781952,0.326337337,1458.745972,163.0180054,-0.16,-0.94,-0.31
0,85,21,2.58,3.641655207,0.351321727,1272.493042,250.5051117,-0.09,-0.86,-0.23
0,114,54,7.99,36.65947342,0.354182839,2503.936035,355.4232788,-0.19,-0.91,-0.46
0,30,21,2.14,41.4373436,0.363780737,1277.383057,156.3753967,-0.17,-0.85,-0.36
0,1,56,9.05,37.14007187,0.364087284,2667.625,112.3407059,-0.14,-0.64,-0.39
0,136,57,11.16,20.67469406,0.386547625,3001.006104,354.5891113,-0.21,-1.01,-0.6
0,27,54,7.09,38.5293541,0.395817429,2200.910889,90.54017639,-0.19,-0.91,-0.46
0,55,27,3.92,2.64164114,0.399838477,1573.535034,335.1639709,-0.09,-0.76,-0.26
0,459,54,5.22,30.70831871,0.405631959,2301.136963,214.7074432,-0.23,-0.84,-0.36
0,187,54,8.34,20.26704407,0.422483116,2499.449951,216.3281708,-0.21,-1.44,-0.69
0,148,15,2.14,38.58645248,0.427708745,1421.623047,207.9293976,-0.14,-0.64,-0.39
0,163,53,5.56,10.38753891,0.455860198,2274.199951,156.4907837,-0.17,-0.85,-0.36
0,13,45,6.29,15.00277424,0.458614111,1940.572998,341.647583,-0.17,-0.85,-0.36
0,420,6,0.82,46.20627975,0.463311404,836.8049927,261.3843384,-0.15,-0.61,-0.29
0,18,34,3.91,24.59178352,0.472085178,1551.458984,261.9120483,-0.09,-0.86,-0.23
0,431,53,5.89,32.77481079,0.477081269,2492.979004,182.722168,-0.18,-0.93,-0.48
0,165,45,4.66,17.83686066,0.486409843,1734.515991,3.75226593,-0.11,-0.72,-0.3
0,171,57,11.85,7.608550549,0.487521917,3001.443115,233.0044403,0,0,0
0,88,49,9.13,33.53871918,0.49524036,2275.22998,214.2490234,-0.19,-0.91,-0.46
0,481,55,6.28,24.33444405,0.50438273,2472.0979,345.0222778,-0.18,-0.93,-0.48
0,135,55,7.56,17.84232521,0.515817225,2381.449951,217.426178,-0.15,-0.59,-0.38
0,184,55,6.81,19.69449425,0.530185759,2538.220947,259.9642944,-0.15,-0.59,-0.38
0,24,54,6.88,69.99304199,0.558952153,2598.778076,145.326355,-0.1,-0.8,-0.23
0,154,20,2.42,19.59033203,0.568263352,1333.344971,290.0275879,-0.17,-0.85,-0.36
0,84,47,4.63,27.6237011,0.605359197,1924.390015,221.5153351,-0.25,-0.67,-0.45
0,105,27,3.92,10.10686779,0.615728974,1547.946045,23.77822876,-0.09,-0.76,-0.26
0,23,44,5.27,30.52613068,0.627931714,1742.64502,136.0295868,-0.16,-0.94,-0.31
0,549,55,6.61,38.36508179,0.636349142,2499.572998,207.4560852,-0.19,-0.72,-0.36
0,116,54,5.54,35.4316597,0.639357865,2275.706055,198.9059143,-0.2,-0.75,-0.46
0,94,38,4.72,29.07681847,0.63977778,1839.621948,136.1851959,-0.18,-0.69,-0.35
0,147,3,1.23,21.29494286,0.641226649,519.4099731,177.5162048,-0.09,-0.86,-0.23
0,469,54,8.69,35.88881683,0.64332211,2596.105957,261.5014954,-0.18,-0.93,-0.48
0,113,50,5.16,5.541120052,0.65261513,1915.43396,118.0724869,-0.19,-0.91,-0.46
0,139,57,15.07,21.08914185,0.672951877,3591.750977,227.2255096,0,0,0
0,108,51,6.22,29.69992828,0.675024748,1873.562012,46.77772522,-0.15,-0.61,-0.29
0,133,27,3.92,23.65292168,0.678721488,1571.734009,49.51561737,-0.09,-0.76,-0.26
0,156,29,3.5,4.887557983,0.67874819,1636.241943,142.1321869,-0.09,-1.05,-0.23
0,65,56,10.21,41.67908096,0.680325091,2713.406982,155.0934448,-0.19,-0.91,-0.46
0,409,49,5.48,44.88876724,0.682957947,2044.20105,90.0561676,-0.18,-0.93,-0.48
0,112,10,1.22,33.7165451,0.691282451,949.8049927,208.5328674,-0.03,-1.03,-0.17
0,447,50,5.14,7.570514202,0.69341898,1906.250977,238.8467102,-0.18,-0.93,-0.48
0,143,55,7.7,25.99629211,0.704403281,2505.302002,322.3986206,-0.19,-0.91,-0.46
0,111,15,1.85,35.89266968,0.706108987,1023.742981,248.9985657,-0.18,-0.92,-0.33
0,570,39,5.1,29.12388611,0.736290872,1781.899048,292.4238281,-0.19,-0.72,-0.36
0,16,34,4.02,27.26679802,0.74191153,1907.113037,152.8674927,-0.14,-0.64,-0.39
0,38,54,6.91,7.844040394,0.749363363,2315.60498,308.7232361,-0.25,-0.67,-0.45
0,174,39,4.81,43.0957222,0.774602115,1811.322021,281.1442871,-0.18,-0.92,-0.33
0,522,57,8.75,19.77545166,0.784881532,2760.295898,296.6911926,-0.18,-0.93,-0.48
0,180,43,6.66,16.61401749,0.784902036,2156.110107,344.0787354,-0.16,-0.82,-0.41
0,50,56,8.94,49.16027832,0.79349798,2613.613037,275.3671265,-0.21,-1.01,-0.6
0,58,35,3.49,7.907233238,0.821176529,1570.777954,76.36373901,-0.16,-0.94,-0.31
0,149,55,8.28,17.11657524,0.829180837,2384.271973,262.8961182,-0.21,-1.44,-0.69
0,79,52,7.22,41.85700989,0.845965028,2529.200928,17.37824249,-0.1,-0.8,-0.23
0,199,56,10.59,54.77906799,0.855612516,3023.9021,217.8308105,-0.14,-0.64,-0.39
0,8,49,6.06,20.66142082,0.86821264,1781.60498,272.2122192,-0.2,-0.75,-0.46
0,120,36,3.86,10.53036118,0.892361104,1608.738037,117.8649979,-0.16,-0.94,-0.31
0,175,54,6.24,19.99017906,0.902161598,2193.180908,89.41360474,-0.16,-1.1,-0.53
0,196,6,0.46,7.942819595,0.927171767,791.8579712,252.5241241,-0.09,-0.86,-0.23
0,508,3,1.01,39.87971878,0.931395829,870.0319824,349.6159668,-0.06,-0.77,-0.24
0,31,54,7.75,32.83994293,0.93715924,2376.790039,278.3569031,-0.2,-0.75,-0.46
0,164,55,11.31,0,0,0,0,-0.21,-1.01,-0.6
0,127,54,5.15,0,0,2150.707031,0,-0.16,-1.1,-0.53
0,446,44,6.07,37.52961731,0,2145.278076,148.4998627,-0.05,-0.99,-0.2
0,466,30,3.44,40.66405106,0,1660.749023,202.6333313,-0.05,-0.99,-0.2
0,535,44,5.86,35.39984512,0,2194.25293,148.7467804,-0.05,-0.99,-0.2
0,460,3,19999.09,4.185517311,0,546.2440186,175.4436951,-0.05,-0.99,-0.2
0,555,6,1.2,7.987983227,0,574.6519775,154.1147766,-0.05,-0.99,-0.2
0,401,3,19999.12,0.410316497,0,547.7769775,104.6876373,-0.05,-0.99,-0.2
0,543,6,1.2,13.49057674,0,633.184021,185.9212646,-0.05,-0.99,-0.2
0,504,2,1.08,0.435332149,0,544.9459839,9.594734192,-0.05,-0.99,-0.2
0,426,4,1.2,21.51226997,0,759.4879761,158.8061218,-0.05,-0.99,-0.2
0,503,2,1.08,0.050691444,0,542.6370239,225,-0.05,-0.99,-0.2
0,430,7,1.2,9.623903275,0,582.28302,202.3117065,-0.05,-0.99,-0.2
0,417,1,19999.01,5.841414928,0,539.2689819,166.2207489,-0.05,-0.99,-0.2
0,596,6,1.18,8.989340782,0,714.6220093,185.4405975,-0.05,-0.99,-0.2
0,450,45,6.5,30.0867939,0,2055.903076,118.3117981,-0.14,-0.73,-0.32
0,411,50,5.37,36.8768158,0,2112.715088,97.13195801,-0.14,-0.73,-0.32
0,422,41,6.37,36.71732712,0,2083.773926,249.6727905,-0.14,-0.73,-0.32
0,536,26,3.32,28.6801548,0,1788.162964,247.5266724,-0.14,-0.73,-0.32
0,538,56,7.16,40.11905289,0,2597.595947,145.9416046,-0.14,-0.73,-0.32
0,551,36,5.15,38.35352325,0,1808.014038,81.78020477,-0.14,-0.73,-0.32
0,553,38,5.35,40.3443985,0,2147.358887,270.4776001,-0.14,-0.73,-0.32
0,559,21,2.58,28.78463173,0,1424.442993,281.6195068,-0.14,-0.73,-0.32
0,405,4,1.23,54.84663773,0,932.3040161,293.4205933,-0.14,-0.73,-0.32
0,564,6,1.17,18.27296448,0,677.0139771,169.1999817,-0.14,-0.73,-0.32
0,512,8,1.27,1.325632453,0,597.5130005,271.5491943,-0.12,-0.64,-0.25
0,526,21,3.2,32.26761627,0,1498.399048,24.94244385,-0.12,-0.64,-0.25
0,505,32,5.61,19.00559425,0,1943.92395,330.784668,-0.12,-0.64,-0.25
0,412,8,1.4,17.42661858,0,627.7739868,286.9462891,-0.12,-0.64,-0.25
0,438,12,2.3,20.28688812,0,1198.634033,329.9699707,-0.12,-0.64,-0.25
0,433,30,3.54,13.47731304,0,1668.38501,129.7149658,-0.12,-0.64,-0.25
0,443,7,1.35,0.324575275,0,607.7630005,353.65979,-0.12,-0.64,-0.25
0,557,31,4.37,29.78538132,0,1668.338013,18.79238129,-0.12,-0.64,-0.25
0,419,16,1.51,34.17632675,0,1188.131958,33.20868683,-0.12,-0.64,-0.25
0,496,54,4.46,20.17666626,0,2079.253906,59.77233124,-0.12,-0.64,-0.25
0,532,50,4.23,13.41420937,0,1902.19104,348.5232849,-0.12,-0.64,-0.25
0,492,55,6.84,11.82564545,0,2176.241943,45.7912941,-0.12,-0.64,-0.25
0,414,55,5.41,24.96078682,0,2203.941895,264.0314941,-0.12,-0.64,-0.25
0,402,55,5.41,14.38862324,0,2276.298096,170.6071472,-0.12,-0.64,-0.25
0,566,5,1.3,6.408248425,0,663.6090088,302.1786499,-0.12,-0.64,-0.25
0,573,55,5.8,16.71616745,0,2144.185059,322.2567749,-0.12,-0.64,-0.25
0,582,40,4.85,43.96479797,0,1636.833008,249.8736267,-0.12,-0.64,-0.25
0,583,53,4.65,27.07375908,0,2049.058105,353.6174927,-0.12,-0.64,-0.25
0,586,40,4.85,45.50083923,0,1470.932983,49.49263382,-0.12,-0.64,-0.25
0,590,27,4.2,9.100418091,0,1654.758057,23.7618866,-0.12,-0.64,-0.25
0,561,0,0.44,51.45185471,0,3173.364014,6.026947021,-0.15,-0.73,-0.39
0,502,55,10.4,45.14652634,0,2656.092041,8.154701233,-0.15,-0.73,-0.39
0,550,57,8.35,11.71959782,0,2669.385986,108.5095825,-0.15,-0.73,-0.39
0,572,57,9.92,0,0,0,0,-0.15,-0.73,-0.39
0,547,40,5.74,61.68887329,0,1940.928955,65.60273743,-0.23,-0.84,-0.36
0,410,53,9.56,37.87298203,0,2646.157959,104.4702911,-0.14,-0.7,-0.33
0,451,38,5.35,49.10717392,0,2172.120117,246.9449615,-0.14,-0.7,-0.33
0,418,54,5.19,26.33665848,0,2141.076904,152.5566559,-0.14,-0.7,-0.33
0,478,56,6.93,35.19683456,0,2470.480957,97.36300659,-0.14,-0.7,-0.33
0,483,49,7.38,57.44276047,0,2261.167969,233.1743164,-0.14,-0.7,-0.33
0,515,56,8.57,44.86373901,0,2754.595947,211.0716248,-0.14,-0.7,-0.33
0,546,52,6.35,36.27854156,0,2435.468994,66.03315735,-0.14,-0.7,-0.33
0,584,52,5.52,26.64778137,0,2246.918945,56.69070053,-0.14,-0.7,-0.33
0,440,19,2.21,31.54004097,0,1489.239014,104.4452896,-0.14,-0.7,-0.33
0,450,45,6.5,30.0867939,0,2055.903076,118.3117981,-0.14,-0.73,-0.32
0,411,50,5.37,36.8768158,0,2112.715088,97.13195801,-0.14,-0.73,-0.32
0,422,41,6.37,36.71732712,0,2083.773926,249.6727905,-0.14,-0.73,-0.32
0,536,26,3.32,28.6801548,0,1788.162964,247.5266724,-0.14,-0.73,-0.32
0,538,56,7.16,40.11905289,0,2597.595947,145.9416046,-0.14,-0.73,-0.32
0,551,36,5.15,38.35352325,0,1808.014038,81.78020477,-0.14,-0.73,-0.32
0,553,38,5.35,40.3443985,0,2147.358887,270.4776001,-0.14,-0.73,-0.32
0,559,21,2.58,28.78463173,0,1424.442993,281.6195068,-0.14,-0.73,-0.32
0,405,4,1.23,54.84663773,0,932.3040161,293.4205933,-0.14,-0.73,-0.32
0,564,6,1.17,18.27296448,0,677.0139771,169.1999817,-0.14,-0.73,-0.32
0,442,18,3.57,30.20966721,0,1440.162964,323.2033691,-0.09,-0.56,-0.32
0,523,52,5.09,26.99404144,0,2081.273926,121.0520554,-0.09,-0.56,-0.32
0,498,17,3.66,23.71846581,0,1392.717041,12.66262054,-0.09,-0.56,-0.32
0,441,55,5.77,3.645813227,0,2140.294922,12.55857086,-0.09,-0.56,-0.32
0,528,55,5.67,9.723800659,0,2097.799072,339.0474854,-0.09,-0.56,-0.32
0,488,49,10.79,34.74436188,0,2317.399902,338.428894,-0.09,-0.56,-0.32
0,507,21,3.85,42.98488998,0,1417.292969,28.29948425,-0.09,-0.56,-0.32
0,471,55,8.78,38.75409317,0,2782.195068,330.3258972,-0.09,-0.56,-0.32
0,455,56,10.32,27.86200905,0,2779.325928,277.7437134,-0.09,-0.56,-0.32
0,511,57,10.26,14.09634686,0,2991.928955,75.48751068,-0.09,-0.56,-0.32
0,591,20,5.37,33.76072311,0,1446.56604,262.3733826,-0.09,-0.56,-0.32
0,533,7,1.57,1.075218678,0,598.2800293,90,-0.1,-0.62,-0.27
0,458,6,1.2,6.807328224,0,560.4589844,313.3063354,-0.1,-0.62,-0.27
0,429,11,2.19,24.06797791,0,1057.107056,20.81491852,-0.1,-0.62,-0.27
0,514,10,1.41,67.94532013,0,1037.759033,17.62693024,-0.1,-0.62,-0.27
0,467,39,5.25,50.95653534,0,1996.31604,283.1564026,-0.1,-0.62,-0.27
0,486,1,19999.01,14.86563301,0,537.53302,345.4069824,-0.1,-0.62,-0.27
0,484,47,9.14,38.7389679,0,2346.2771,50.12020111,-0.1,-0.62,-0.27
0,477,16,4.34,70.56163025,0,1648.369995,103.5261917,-0.1,-0.62,-0.27
0,413,57,9.95,34.79287338,0,3039.333984,119.9702377,-0.1,-0.62,-0.27
0,580,35,6.44,40.61117554,0,1689.498047,346.8525391,-0.1,-0.62,-0.27
0,424,12,1.43,9.571730614,0,729.7470093,335.2321167,-0.12,-0.87,-0.28
0,403,43,6.08,34.90076828,0,1782.005005,287.9443359,-0.12,-0.87,-0.28
0,432,23,3.41,28.36388206,0,1422.019043,58.06808472,-0.12,-0.87,-0.28
0,599,8,1.36,12.0570116,0,779.7949829,327.4292908,-0.12,-0.87,-0.28
0,452,53,5.37,19.65949059,0,2122.452881,325.2429199,-0.12,-0.87,-0.28
0,542,55,6.91,0.143374562,0,2324.166992,180,-0.12,-0.87,-0.28
0,444,7,1.13,25.10453415,0,787.2969971,201.1915741,-0.01,-1.09,-0.16
0,489,8,1.46,38.35282135,0,1050.603027,166.2928314,-0.01,-1.09,-0.16
0,517,13,1.52,10.08859062,0,1006.984985,112.509491,-0.01,-1.09,-0.16
0,465,19,1.87,6.483546734,0,1452.553955,186.6460266,-0.01,-1.09,-0.16
0,468,21,2.68,17.667799,0,1492.321045,188.5733795,-0.01,-1.09,-0.16
0,560,1,1.27,0.435332149,0,524.7810059,189.5947266,-0.01,-1.09,-0.16
0,574,6,1.03,9.648281097,0,755.0280151,238.5326538,-0.01,-1.09,-0.16
0,578,6,1.13,18.15108681,0,672.3369751,186.6791382,-0.01,-1.09,-0.16
0,579,8,1.2,41.01760101,0,1080.26001,192.8270721,-0.01,-1.09,-0.16
0,589,3,1.18,28.9387188,0,599.3920288,139.0316925,-0.01,-1.09,-0.16
0,524,7,0.73,31.28371239,0,936.8829956,47.08306503,0,-1,-0.16
0,472,4,1.23,16.30587769,0,560.5900269,300.0836792,0,-1,-0.16
0,493,3,1.24,7.016891003,0,534.7139893,11.41858673,0,-1,-0.16
0,408,11,0.66,9.327142715,0,889.940979,29.38703918,0,-1,-0.16
0,587,2,1.34,38.97027588,0,625.90802,1.238624573,0,-1,-0.16
0,501,42,5.69,26.32816124,0,1848.743042,315.9020081,-0.06,-0.77,-0.24
0,518,32,6.22,25.53926849,0,1746.409058,57.38988113,-0.06,-0.77,-0.24
0,519,21,2.68,32.83834457,0,1344.437012,316.4139099,-0.06,-0.77,-0.24
0,463,26,2.05,25.61544609,0,1371.279053,71.84990692,-0.06,-0.77,-0.24
0,470,6,0.63,15.80838394,0,804.0460205,354.5542603,-0.06,-0.77,-0.24
0,448,5,1.23,19.12771416,0,792.8280029,339.8661499,-0.06,-0.77,-0.24
0,491,7,1.36,9.71309185,0,619.7579956,340.7687683,-0.06,-0.77,-0.24
0,545,29,2.84,12.65545559,0,1493.428955,349.2536011,-0.06,-0.77,-0.24
0,554,9,1.83,7.927932739,0,1009.153992,298.4015503,-0.06,-0.77,-0.24
0,595,6,0.63,30.2996006,0,761.992981,316.0410461,-0.06,-0.77,-0.24
0,14,57,8.75,0,0,0,0,-0.15,-0.61,-0.29
0,75,55,8.43,0,0,0,0,-0.15,-0.61,-0.29
0,453,56,9.68,20.86952209,0,2740.449951,1.669586182,-0.12,-0.79,-0.47
0,457,55,12.02,31.82007408,0,2805.143066,7.227073669,-0.12,-0.79,-0.47
0,473,55,7.44,36.80534744,0,2321.51709,322.6533813,-0.12,-0.79,-0.47
0,445,57,10.77,40.90836716,0,3091.483887,105.9492798,-0.12,-0.79,-0.47
0,404,52,6.96,39.45931244,0,2408.124023,336.7445068,-0.12,-0.79,-0.47
0,562,55,7.14,35.84186172,0,2539.574951,227.9418945,-0.12,-0.79,-0.47
0,565,55,6.69,34.19547653,0,2519.081055,294.8984375,-0.12,-0.79,-0.47
0,577,52,5.28,23.33624649,0,2010.098999,307.5767517,-0.12,-0.79,-0.47
0,540,57,10.62,31.748909,0,2821.10498,122.6116257,-0.18,-0.93,-0.48
0,425,52,9.31,35.92737198,0,2575.499023,258.460083,-0.18,-0.69,-0.4
0,416,57,10.11,22.76028824,0,2752.153076,301.2110596,-0.18,-0.69,-0.4
0,506,56,7.81,29.63139915,0,2577.428955,209.5908508,-0.18,-0.69,-0.4
0,544,56,6.84,23.10529518,0,2542.509033,216.1846619,-0.18,-0.69,-0.4
0,563,57,8.94,16.89464951,0,2576.756104,90.47208405,-0.18,-0.69,-0.4
0,537,45,4.84,28.4666481,0,1851.139038,196.6776123,-0.18,-0.69,-0.4
0,436,55,5.82,17.75513458,0,2420.019043,75.53993988,-0.17,-0.6,-0.35
0,476,0,0.37,57.98479462,0,2802.885986,42.5007782,-0.17,-0.6,-0.35
0,525,54,5.89,21.75183105,0,2186.406006,41.94942856,-0.17,-0.6,-0.35
0,531,37,4.9,28.82839012,0,1802.780029,272.2179871,-0.17,-0.6,-0.35
0,510,54,6.47,26.13100815,0,2010.631958,113.1007767,-0.17,-0.6,-0.35
0,421,42,6.44,39.07874298,0,1528.442993,271.28125,-0.17,-0.6,-0.35
0,499,47,7.46,60.18634796,0,2070.659912,77.4025116,-0.17,-0.6,-0.35
0,530,13,1.84,34.65583038,0,1583.343018,110.3757553,-0.17,-0.6,-0.35
0,569,10,0.75,27.9541893,0,1027.552002,302.8858643,-0.17,-0.6,-0.35
0,474,57,10.01,26.42601013,0,2777.956055,86.97278595,-0.17,-0.8,-0.45
0,509,57,9.89,72.29766083,0,2783.166992,140.7150726,-0.17,-0.8,-0.45
0,454,56,8.86,36.07289886,0,2689.832031,69.66869354,-0.17,-0.8,-0.45
0,494,56,13.31,40.15924835,0,2946.916992,47.21588898,-0.17,-0.8,-0.45
0,513,54,5.56,26.89878654,0,2249.11792,240.1499481,-0.17,-0.8,-0.45
0,406,53,7.8,32.61829758,0,2595.229004,236.7115479,-0.17,-0.8,-0.45
0,529,48,9.18,17.7477417,0,2698.194092,1.125442505,-0.17,-0.8,-0.45
0,479,52,7.15,43.24449539,0,2535.726074,346.4326782,-0.17,-0.8,-0.45
0,439,44,4.77,24.22410393,0,1785.744019,72.61954498,-0.17,-0.8,-0.45
0,482,44,7.53,47.84289551,0,1981.869995,18.84194183,-0.17,-0.8,-0.45
0,548,56,13.31,42.31282425,0,3014.407959,47.45085144,-0.17,-0.8,-0.45
0,558,56,13.31,38.25823593,0,3144.749023,311.8972168,-0.17,-0.8,-0.45
0,567,57,10.36,44.74485016,0,2934.89502,61.57426453,-0.17,-0.8,-0.45
0,581,54,7.73,12.1190958,0,2600.087891,261.8952332,-0.17,-0.8,-0.45
0,428,39,5.43,32.47498322,0,2222.783936,217.4369354,-0.19,-0.72,-0.36
0,415,41,5.47,18.60221291,0,1678.177002,276.5076904,-0.19,-0.72,-0.36
0,568,20,2.41,17.98826981,0,1258.005005,16.5512085,-0.19,-0.72,-0.36
0,427,55,6.6,11.83560658,0,2305.12793,169.6817169,-0.11,-0.65,-0.32
0,407,30,3.32,23.85488892,0,1706.723022,115.9867859,-0.11,-0.65,-0.32
0,423,56,8.82,39.06280899,0,2721.584961,68.35861206,-0.11,-0.65,-0.32
0,487,51,6.6,38.00138474,0,2191.621094,50.45173264,-0.11,-0.65,-0.32
0,521,44,4.9,37.0925293,0,1961.864014,170.4373169,-0.11,-0.65,-0.32
0,552,22,2.61,24.94338036,0,1627.246948,183.7733154,-0.11,-0.65,-0.32
0,571,50,4.97,19.38441277,0,1989.133057,226.1526489,-0.11,-0.65,-0.32
0,576,36,4.2,18.6302433,0,1655.848022,246.0522614,-0.11,-0.65,-0.32
0,588,55,7.37,35.12791443,0,2418.125977,144.6085052,-0.11,-0.65,-0.32
0,598,18,2.36,20.24741554,0,1504.279053,181.5549469,-0.11,-0.65,-0.32
0,435,45,5.9,42.66193771,0,2099.423096,282.7724609,0,0,0
0,456,40,5.02,40.73520279,0,1699.667969,251.7852783,0,0,0
0,475,9,1.25,0,0,0,0,0,0,0
0,480,52,6.19,26.41106987,0,2332.253906,207.4971619,0,0,0
0,490,53,5.75,19.27065277,0,2310.790039,199.4028625,0,0,0
0,593,7,1.26,17.52858353,0,673.3499756,189.799057,0,0,0
1,65,15,1.61,26.71448708,-0.97020036,998.3150024,35.88381577,-0.16,-0.94,-0.31
1,23,2,1.12,39.03767776,-0.965820134,479.0419922,17.40161896,-0.09,-1.05,-0.23
1,127,12,0.59,45.67923355,-0.953586817,986.5120239,117.5303345,-0.15,-0.61,-0.29
1,121,6,0.82,43.51607513,-0.947268486,951.6040039,275.5748291,-0.15,-0.61,-0.29
1,71,7,1.74,42.27695847,-0.937862277,821.3629761,341.1916504,-0.1,-0.8,-0.23
1,137,19,2.71,32.9196167,-0.885136604,1267.689941,42.89120102,-0.23,-0.84,-0.36
1,6,32,3.49,8.398830414,-0.85378474,1515.646973,136.7169342,-0.09,-1.05,-0.23
1,154,6,0.82,26.61380768,-0.845118821,990.7880249,281.7301331,-0.15,-0.61,-0.29
1,307,5,1.17,41.27225494,-0.838489771,646.6149902,171.8121338,-0.03,-1.03,-0.17
1,74,43,4.31,10.48612022,-0.83097589,1808.151978,278.3425293,-0.18,-0.69,-0.35
1,155,6,0.82,48.03367615,-0.800232887,851.3300171,296.0762939,-0.15,-0.61,-0.29
1,118,6,0.82,30.30311394,-0.796529889,1088.089966,302.6859741,-0.15,-0.61,-0.29
1,77,46,6.21,13.63972855,-0.796365678,2021.537964,161.3554077,-0.15,-0.59,-0.38
1,73,11,2.06,44.8878746,-0.782670736,1197.177002,42.3092308,-0.1,-0.8,-0.23
1,60,18,2.25,44.93001175,-0.778002024,1120.73999,162.0827637,-0.03,-1.03,-0.17
1,89,3,1.16,29.39313507,-0.75873363,754.0570068,214.6319427,-0.09,-1.05,-0.23
1,78,50,6.36,33.4622879,-0.740181863,2001.522949,162.3790894,-0.15,-0.59,-0.38
1,156,6,0.82,38.44489288,-0.724565804,972.3560181,313.9151917,-0.15,-0.61,-0.29
1,67,17,2.35,21.11228561,-0.705617845,1078.456055,155.9207153,-0.09,-0.86,-0.23
1,27,2,1.12,14.73252201,-0.685701787,591.6430054,318.2767334,-0.1,-0.8,-0.23
1,138,32,4.04,11.84679127,-0.656128407,1450.459961,273.5950317,-0.23,-0.84,-0.36
1,171,4,1.12,20.98064613,-0.626872957,778.2199707,147.2413483,-0.03,-1.03,-0.17
1,298,4,1.19,26.47639656,-0.599611342,713.9949951,167.1673279,-0.03,-1.03,-0.17
1,70,7,1.27,39.21807098,-0.576233089,638.052002,275.8450928,-0.04,-1.08,-0.19
1,195,4,1.15,19.76270485,-0.564375639,724.5410156,104.7149506,-0.03,-1.03,-0.17
1,267,6,0.42,34.20444107,-0.53673476,647.3829956,327.770874,-0.06,-0.77,-0.24
1,15,3,1.08,15.14004898,-0.514806271,504.6940002,186.6308289,-0.09,-1.05,-0.23
1,46,4,1.2,24.06177711,-0.509475708,601.9749756,207.964447,-0.03,-1.03,-0.17
1,1,5,1.08,22.60006714,-0.49674803,741.867981,20.93904114,-0.1,-0.8,-0.23
1,57,25,2.19,30.87444305,-0.492940009,1338.545044,221.1859283,-0.09,-0.86,-0.23
1,139,32,4.04,38.88864517,-0.491490901,1389.569946,265.1990967,-0.23,-0.84,-0.36
1,84,9,1.32,33.97608566,-0.483934373,905.0549927,281.6651001,-0.1,-0.8,-0.23
1,167,4,1.19,23.05347824,-0.48003763,580.8649902,148.0849915,-0.03,-1.03,-0.17
1,151,12,0.59,42.56772995,-0.474776506,958.9959717,67.93806458,-0.15,-0.61,-0.29
1,31,1,1.24,42.2108078,-0.471337676,474.8619995,151.298233,-0.09,-1.05,-0.23
1,75,2,1.12,38.38565445,-0.448458701,487.9920044,18.06360626,-0.09,-1.05,-0.23
1,159,5,0.39,41.25947571,-0.44526881,743.9459839,37.93966293,-0.15,-0.61,-0.29
1,62,29,4,18.41653442,-0.413312316,1650.897949,164.7600708,-0.09,-1.05,-0.23
1,136,27,3.21,43.19483185,-0.399659306,1249.196045,101.1302338,-0.23,-0.84,-0.36
1,243,35,4.66,37.22071457,-0.389598638,1855.795044,143.026062,-0.19,-0.72,-0.36
1,152,12,0.59,30.93210411,-0.379015923,870.8790283,93.52700806,-0.15,-0.61,-0.29
1,36,7,2.14,29.4236927,-0.375637591,929.5560303,241.478363,-0.09,-0.86,-0.23
1,91,18,2.13,38.13661194,-0.356800884,1083.56604,149.7951813,-0.16,-0.94,-0.31
1,141,32,4.04,13.36777782,-0.342739224,1229.387939,306.6565247,-0.23,-0.84,-0.36
1,145,32,4.04,15.59407902,-0.329912484,1207.083008,252.5398407,-0.23,-0.84,-0.36
1,48,25,2.19,43.11798096,-0.318173259,1315.567993,220.3430481,-0.09,-0.86,-0.23
1,20,20,2.38,38.44615555,-0.310501993,931.6699829,118.9059296,-0.16,-0.94,-0.31
1,288,28,3.59,49.45162201,-0.29801774,1148.130005,71.83422089,-0.23,-0.84,-0.36
1,242,36,4.94,48.57843018,-0.284532815,1788.927002,115.7888718,-0.19,-0.72,-0.36
1,287,5,0.39,41.31274796,-0.278692216,980.4799805,6.94291687,-0.15,-0.61,-0.29
1,277,36,4.82,44.90036774,-0.266079038,1586.23999,233.098877,-0.18,-0.69,-0.4
1,42,4,1.2,12.86120033,-0.258005947,584.026001,186.4467468,-0.03,-1.03,-0.17
1,10,7,1.27,37.95079041,-0.249027729,642.3259888,105.23909,-0.04,-1.08,-0.19
1,92,30,2.82,41.37316132,-0.235925928,1461.479004,159.7378845,-0.18,-0.92,-0.33
1,52,7,1.79,34.06468201,-0.223415002,842.3499756,217.2616882,-0.09,-0.86,-0.23
1,16,5,0.29,34.78903961,-0.21669586,886.3590088,45.21800995,-0.1,-0.8,-0.23
1,90,4,1.17,41.90111542,-0.204628199,701.0839844,251.5641327,-0.09,-0.86,-0.23
1,43,1,0.13,15.44984722,-0.179698199,511.7590027,73.03762054,-0.09,-0.76,-0.26
1,37,40,4.87,9.713871956,-0.177829117,1675.272949,96.71580505,-0.19,-0.91,-0.46
1,68,14,1.46,37.44125748,-0.173333973,775.6030273,176.6765747,-0.04,-1.08,-0.19
1,12,41,4.96,28.08414841,-0.166922584,1802.822998,230.4184723,-0.15,-0.59,-0.38
1,51,27,3.26,38.5610466,-0.159062475,1549.595947,129.0164032,-0.09,-1.05,-0.23
1,47,6,1.01,39.00210571,-0.154968247,552.190979,28.43572998,-0.1,-0.8,-0.23
1,49,7,2.14,45.92550278,-0.150895089,873.3309937,194.6160278,-0.09,-0.86,-0.23
1,170,4,1.19,24.38263702,-0.131151035,555.3460083,151.774231,-0.03,-1.03,-0.17
1,9,8,1.3,34.87989426,-0.129421994,768.7089844,63.25266647,-0.16,-0.94,-0.31
1,55,7,1.27,40.97665024,-0.126191154,649.9290161,240.7051849,-0.04,-1.08,-0.19
1,96,39,7.15,10.48108196,-0.1232187,1835.437012,276.6021729,-0.25,-0.67,-0.45
1,312,4,1.15,36.02622986,-0.111090831,804.5540161,208.7681885,-0.03,-1.03,-0.17
1,140,32,4.04,28.06072044,-0.106724858,1211.671997,338.7644348,-0.23,-0.84,-0.36
1,221,21,2.74,34.66040039,-0.100906439,1557.927002,190.2535095,-0.03,-1.03,-0.17
1,142,32,4.04,27.11507034,-0.099310726,1248.791992,227.0769501,-0.23,-0.84,-0.36
1,50,7,2.14,22.12934303,-0.098662168,915.6669922,170.4443665,-0.09,-0.86,-0.23
1,33,3,1.06,5.373557091,-0.096005104,540.3300171,351.9803162,-0.1,-0.8,-0.23
1,160,5,0.39,37.65632248,-0.095542833,783.9489746,42.04422379,-0.15,-0.61,-0.29
1,95,25,3.5,15.83937168,-0.092733406,1481.496948,264.6800537,-0.2,-0.75,-0.46
1,38,2,1.13,25.01038551,-0.082953483,667.1060181,190.8898468,-0.03,-1.03,-0.17
1,80,55,6.63,18.7332592,-0.080634661,2506.845947,216.0015869,-0.15,-0.59,-0.38
1,301,4,1.19,21.60386276,-0.080280319,544.4180298,171.1005859,-0.03,-1.03,-0.17
1,39,2,1.13,21.90739059,-0.073397852,750.7379761,123.592392,-0.03,-1.03,-0.17
1,150,12,0.59,32.3165741,-0.071285874,960.9580078,109.5079575,-0.15,-0.61,-0.29
1,276,32,4.04,24.69165802,-0.054339301,1226.159058,306.1526489,-0.23,-0.84,-0.36
1,306,5,1.15,36.22583008,-0.047950696,583.8770142,179.022583,-0.03,-1.03,-0.17
1,272,6,0.82,48.80242538,-0.041473344,1043.870972,318.7158813,-0.15,-0.61,-0.29
1,18,32,3.89,50.41401672,-0.034360833,1557.437012,50.03115845,-0.16,-0.94,-0.31
1,8,25,3.5,18.81609154,-0.028617835,1395.837036,222.026886,-0.2,-0.75,-0.46
1,30,1,1.24,34.1879425,-0.015361008,492.2409973,160.2637634,-0.09,-1.05,-0.23
1,215,29,3.37,41.37354279,-0.013327007,1465.573975,320.468689,-0.19,-0.72,-0.36
1,161,5,0.39,30.85398102,-0.005844537,768.7089844,27.60831833,-0.15,-0.61,-0.29
1,290,14,1.21,44.01722336,-0.003298025,944.8519897,263.7991943,-0.15,-0.61,-0.29
1,169,4,1.19,26.46488762,-7.33E-05,612.4229736,189.7568054,-0.03,-1.03,-0.17
1,193,32,3.61,29.55217361,0.001106388,1548.645996,95.5040741,-0.19,-0.72,-0.36
1,85,0,1.24,33.2482872,0.003570313,529.8519897,160.2175293,-0.09,-1.05,-0.23
1,97,26,3.04,28.32025528,0.006739399,1511.230957,138.0827332,-0.09,-1.05,-0.23
1,66,42,4.62,43.42638016,0.007969729,1819.677002,122.5372162,-0.18,-0.92,-0.33
1,79,55,6.63,32.71129608,0.009116597,2455.836914,248.1763458,-0.15,-0.59,-0.38
1,173,5,1.17,35.10544586,0.009642622,674.4749756,203.3057251,-0.03,-1.03,-0.17
1,300,5,1.17,15.68485928,0.015658628,743.3530273,170.3907776,-0.03,-1.03,-0.17
1,149,23,3.46,26.19274712,0.021848647,1210.387939,320.4674988,-0.23,-0.84,-0.36
1,270,4,1.26,36.960392,0.027330073,645.875,9.465377808,-0.06,-0.77,-0.24
1,54,49,6.53,40.86912155,0.027506955,2000.657959,61.00780869,-0.16,-0.82,-0.41
1,124,19,2.71,56.61406708,0.031350434,1305.442993,88.46492004,-0.23,-0.84,-0.36
1,128,3,1.01,45.69370651,0.031829931,1063.837036,340.0623779,-0.06,-0.77,-0.24
1,3,4,1.17,5.786025047,0.042560738,678.7360229,182.1230164,-0.03,-1.03,-0.17
1,309,5,1.15,30.98894501,0.060111355,532.9589844,179.9403229,-0.03,-1.03,-0.17
1,147,28,3.59,55.82559967,0.060534976,1183.015015,65.99797058,-0.23,-0.84,-0.36
1,25,6,1.51,49.55592346,0.069219254,648.125,332.9023743,-0.1,-0.8,-0.23
1,275,21,2.48,16.49263954,0.069445185,1058.839966,300.2942505,-0.23,-0.84,-0.36
1,61,3,1.14,22.55208015,0.07411094,790.59198,232.338089,-0.03,-1.03,-0.17
1,17,5,0.29,31.17929459,0.076778859,887.4680176,72.59030151,-0.1,-0.8,-0.23
1,101,4,1.19,34.02964783,0.077580228,590.9840088,148.7822266,-0.03,-1.03,-0.17
1,44,7,1.46,40.48020172,0.083441056,771.6779785,9.185966492,-0.1,-0.8,-0.23
1,174,5,1.15,10.60555458,0.084818125,738.2189941,176.3651276,-0.03,-1.03,-0.17
1,120,3,0.62,34.45852661,0.09335693,844.9390259,353.0947876,-0.06,-0.77,-0.24
1,143,19,2.71,62.91320038,0.09917324,1313.758057,82.54411316,-0.23,-0.84,-0.36
1,168,4,1.19,30.41208076,0.099509969,620.9229736,172.905838,-0.03,-1.03,-0.17
1,76,43,5.47,34.40582657,0.105237648,1977.917969,165.7340088,-0.15,-0.59,-0.38
1,304,2,29998.17,30.47504807,0.119988658,499.8150024,238.6409302,-0.03,-1.03,-0.17
1,252,34,3.95,25.68409157,0.12469963,1502.973022,168.3178711,-0.19,-0.72,-0.36
1,83,2,1.19,47.36488724,0.125658333,616.5029907,192.1916199,-0.09,-1.05,-0.23
1,98,7,1.74,25.27391624,0.135571226,676.0300293,353.1581726,-0.1,-0.8,-0.23
1,35,3,1.08,46.97722244,0.13812618,483.2550049,165.2663574,-0.09,-1.05,-0.23
1,94,38,3.83,8.963644028,0.140774101,1563.360962,232.7997589,-0.2,-0.75,-0.46
1,5,26,3.05,9.03427887,0.143391699,1519.036011,235.2332153,-0.09,-1.05,-0.23
1,32,1,1.24,50.89339447,0.167306498,478.3619995,169.9347992,-0.09,-1.05,-0.23
1,87,46,5.76,54.796875,0.179404244,2058.947998,279.7851563,-0.18,-0.69,-0.35
1,7,34,4.15,19.07163429,0.216084346,1470.516968,271.5527954,-0.2,-0.75,-0.46
1,41,4,1.2,25.59254074,0.225405991,548.0180054,121.9893265,-0.03,-1.03,-0.17
1,28,0,1.22,46.85883331,0.231675938,492.131012,170.7311707,-0.09,-1.05,-0.23
1,305,5,1.17,41.42134857,0.232430026,620.8270264,198.8457489,-0.03,-1.03,-0.17
1,64,30,4.11,38.25029373,0.241910875,1376.817993,132.427063,-0.16,-0.82,-0.41
1,196,2,19999.19,3.410447836,0.249732405,495.4119873,155.8565369,-0.03,-1.03,-0.17
1,56,50,5.25,22.78451157,0.283352315,1953.11499,179.4796448,-0.17,-0.85,-0.36
1,69,37,5.75,39.90680695,0.301538438,1742.582031,166.1199341,-0.17,-0.85,-0.36
1,162,28,3.59,28.65188408,0.302906901,1104.817017,26.6251564,-0.23,-0.84,-0.36
1,40,4,1.2,18.24906731,0.306200087,636.2310181,169.0733032,-0.03,-1.03,-0.17
1,26,3,1.22,34.07209778,0.309221298,500.1199951,145.2377319,-0.09,-1.05,-0.23
1,266,6,0.42,18.04404831,0.324012935,615.5479736,294.84375,-0.06,-0.77,-0.24
1,19,19,3.08,25.53541946,0.346960217,1446.652954,77.45253754,-0.18,-0.92,-0.33
1,153,6,0.82,46.90726471,0.36602062,919.7369995,229.1161499,-0.15,-0.61,-0.29
1,24,2,1.12,37.2999382,0.373690665,492.6740112,356.8491821,-0.1,-0.8,-0.23
1,11,42,4.62,40.05565262,0.375611097,1828.343994,151.3566742,-0.18,-0.92,-0.33
1,103,48,4.14,5.865077496,0.388882458,1937.042969,129.9624939,-0.19,-0.72,-0.36
1,63,49,4.87,39.33572006,0.39025715,1851.090942,266.6335449,-0.19,-0.91,-0.46
1,126,3,0.62,39.00670242,0.429379255,851.960022,93.84867859,-0.15,-0.61,-0.29
1,164,12,0.59,37.2978363,0.444099575,901.6820068,51.66408539,-0.15,-0.61,-0.29
1,59,26,2.86,18.35296249,0.471437633,1357.897949,167.9302673,-0.03,-1.03,-0.17
1,93,0,0,73.82267761,0.481333107,3918.450928,167.0065918,-0.21,-1.44,-0.69
1,58,26,3.04,32.04032898,0.485353261,1535.07605,134.1089935,-0.09,-1.05,-0.23
1,100,42,6.1,7.421319962,0.509662211,1996.197998,21.39508057,-0.14,-0.64,-0.39
1,175,5,1.15,17.72976303,0.530498564,744.6370239,186.1698914,-0.03,-1.03,-0.17
1,53,39,4.81,24.13549423,0.565717638,1754.526001,269.4380493,-0.18,-0.92,-0.33
1,29,1,1.24,29.62883377,0.591283202,472.9419861,173.437851,-0.09,-1.05,-0.23
1,22,6,1.55,10.20026302,0.606997609,629.1589966,29.3236084,-0.1,-0.8,-0.23
1,125,21,2.48,27.06643295,0.612870097,1036.290039,291.453186,-0.23,-0.84,-0.36
1,148,24,4.2,33.9793663,0.617852926,1513.380981,247.5944672,-0.23,-0.84,-0.36
1,45,49,6.03,27.43451881,0.64567548,2119.7229,341.3839722,-0.16,-0.82,-0.41
1,82,0,1.24,22.80999947,0.649002314,546.9790039,155.0323334,-0.09,-1.05,-0.23
1,99,2,1.12,38.52778625,0.68590641,496.6600037,27.07820892,-0.09,-1.05,-0.23
1,72,37,4.73,19.82480431,0.741276681,1655.598999,209.3773041,-0.18,-0.92,-0.33
1,122,19,1.91,33.64725494,0.748462796,1301.072998,290.2728577,-0.15,-0.61,-0.29
1,163,5,0.39,8.873801231,0.7512182,804.3259888,49.87609863,-0.15,-0.61,-0.29
1,245,23,3.44,15.04226208,0.756503582,1537.595947,168.0661011,-0.19,-0.72,-0.36
1,310,5,1.15,36.46634293,0.765478253,557.8699951,185.5863037,-0.03,-1.03,-0.17
1,2,4,0.05,26.05551338,0.766279101,645.651001,140.0806427,-0.09,-1.05,-0.23
1,21,3,1.06,45.33737183,0.76712203,569.7700195,352.7615967,-0.1,-0.8,-0.23
1,4,27,3.26,14.64800835,0.780829906,1452.571045,184.2453003,-0.09,-1.05,-0.23
1,135,42,5.93,20.15956116,0.789810419,1593.160034,275.1745911,-0.23,-0.84,-0.36
1,271,5,0.39,43.48122025,0.803720117,766.2689819,23.45666504,-0.15,-0.61,-0.29
1,14,18,2.13,29.79429245,0.825587928,1089.66394,192.6102905,-0.16,-0.94,-0.31
1,146,28,3.59,58.37987518,0.856375337,1165.852051,64.88424683,-0.23,-0.84,-0.36
1,13,41,4.96,29.40598106,0.871246576,1798.881958,218.0662689,-0.15,-0.59,-0.38
1,172,5,1.17,16.9963131,0.880390525,698.2750244,181.052597,-0.03,-1.03,-0.17
1,81,4,1.01,64.51892853,0.882123291,612.2069702,146.561615,-0.09,-1.05,-0.23
1,299,5,1.17,37.39640808,0.900477767,738.9429932,141.1047974,-0.03,-1.03,-0.17
1,144,19,2.71,36.4210701,0.950388372,1193.093018,117.9312744,-0.23,-0.84,-0.36
1,88,3,1.32,13.9496069,0.952426434,774.9730225,171.4647064,-0.09,-1.05,-0.23
1,86,54,6.71,36.35708237,0.967343509,2392.613037,205.6578064,-0.15,-0.59,-0.38
1,311,5,1.15,32.09082794,0.991893888,534.0009766,189.0027771,-0.03,-1.03,-0.17
1,34,3,1.08,45.65005493,0.993306577,497.2860107,196.2861938,-0.09,-1.05,-0.23
1,102,3,0.67,28.96066284,0,584.3280029,74.67588043,-0.09,-0.56,-0.32
1,104,8,1.16,25.52791214,0,730.8800049,181.0489807,-0.14,-0.73,-0.32
1,105,36,4.4,41.92292786,0,1642.925049,112.8536758,-0.11,-0.65,-0.32
1,106,12,1.42,17.28396606,0,1184.859985,146.4642334,-0.14,-0.73,-0.32
1,107,20,2.97,40.23274612,0,1344.887939,301.0346375,-0.12,-0.87,-0.28
1,108,30,4.53,33.99103165,0,1548.037964,36.25272369,-0.12,-0.87,-0.28
1,109,9,1.22,31.24334335,0,1046.979004,206.2453918,-0.03,-1.03,-0.17
1,110,12,1.45,40.3263092,0,1060.222046,76.02570343,-0.11,-0.65,-0.32
1,111,16,2.64,31.4285202,0,1203.956055,292.092041,-0.12,-0.87,-0.28
1,112,6,1.19,36.96234512,0,602.6110229,187.7796631,-0.06,-0.77,-0.24
1,113,5,1.17,40.71284485,0,661.2730103,101.1130753,0,-1,-0.16
1,114,9,0.57,12.70626736,0,856.9359741,342.2541504,-0.1,-0.62,-0.27
1,115,10,0.38,35.88328552,0,914.7520142,294.530365,-0.1,-0.62,-0.27
1,116,12,0.47,14.84771919,0,891.1550293,22.454216,0,-1,-0.16
1,117,5,1.17,32.14677429,0,666.6119995,352.8028564,0,-1,-0.16
1,119,19,1.78,32.10544586,0,1122.629028,280.211853,-0.06,-0.77,-0.24
1,123,41,4.92,23.82632637,0,1647.904053,317.8653564,-0.17,-0.8,-0.45
1,129,26,2.05,7.807057858,0,1147.276978,127.9667053,-0.06,-0.77,-0.24
1,130,24,2.91,40.30034256,0,1166.277954,311.833374,-0.06,-0.77,-0.24
1,131,23,2.29,6.9453125,0,1238.994995,51.66299438,-0.06,-0.77,-0.24
1,132,23,2.29,8.734116554,0,1245.511963,346.1045227,-0.06,-0.77,-0.24
1,133,27,2.8,29.72912216,0,1268.699951,0.878768921,-0.06,-0.77,-0.24
1,134,41,4.92,48.01780319,0,1630.501953,47.7367897,-0.17,-0.8,-0.45
1,157,6,0.63,36.26609421,0,887.2260132,49.90576172,-0.06,-0.77,-0.24
1,158,6,0.63,35.72146988,0,821.3330078,64.90467072,-0.06,-0.77,-0.24
1,165,9,1.22,30.51052856,0,1044.160034,146.6851807,-0.03,-1.03,-0.17
1,166,36,4.2,37.28063965,0,1622.67395,269.9058228,-0.11,-0.65,-0.32
1,176,4,0.97,31.42243195,0,689.2080078,214.176651,-0.03,-1.03,-0.17
1,177,5,1.17,25.07024193,0,645.4199829,170.8544312,-0.03,-1.03,-0.17
1,178,9,1.22,27.49515724,0,1010.961975,182.4783936,-0.03,-1.03,-0.17
1,179,9,1.22,23.46768379,0,1017.151001,131.0283203,-0.03,-1.03,-0.17
1,180,9,1.22,37.69563675,0,1053.909058,157.1065369,-0.03,-1.03,-0.17
1,181,10,1.27,17.37989044,0,1109.744995,132.6964417,-0.03,-1.03,-0.17
1,182,10,1.27,28.59116745,0,1098.937012,144.701004,-0.03,-1.03,-0.17
1,183,10,1.27,22.36534691,0,1093.916992,153.6667938,-0.03,-1.03,-0.17
1,184,5,1.15,42.82060242,0,1008.116028,161.5593872,-0.03,-1.03,-0.17
1,185,5,1.15,41.42881775,0,927.5599976,123.3856354,-0.03,-1.03,-0.17
1,186,5,1.15,39.36275482,0,753.867981,173.4378357,-0.03,-1.03,-0.17
1,187,8,1.2,4.684067249,0,1005.244995,158.5235291,-0.03,-1.03,-0.17
1,188,8,1.2,37.9700737,0,845.3150024,173.6095886,-0.03,-1.03,-0.17
1,189,6,1.16,26.56959724,0,815.1099854,156.3515015,-0.03,-1.03,-0.17
1,190,21,2.27,36.0411644,0,1381.350952,178.8176727,-0.03,-1.03,-0.17
1,191,16,2.04,29.28023338,0,1129.958984,20.48743439,-0.19,-0.72,-0.36
1,192,34,3.59,24.53032112,0,1594.725952,177.6430817,-0.19,-0.72,-0.36
1,194,5,1.19,27.92360878,0,746.9219971,145.2796021,-0.03,-1.03,-0.17
1,197,5,1.17,14.58537102,0,579.5250244,337.9939575,-0.1,-0.62,-0.27
1,198,22,3.93,39.61316299,0,1522.762939,52.67884827,-0.1,-0.62,-0.27
1,199,9,1.99,19.1531868,0,604.5780029,23.21875,-0.1,-0.62,-0.27
1,200,40,5.54,35.667202,0,1822.071045,124.2705002,-0.14,-0.7,-0.33
1,201,41,5.38,38.23649979,0,1925.677002,103.8597107,-0.14,-0.7,-0.33
1,202,51,4.81,33.50867462,0,2053.450928,128.3108826,-0.14,-0.7,-0.33
1,203,5,1.24,31.61338043,0,1062.355957,175.5727539,-0.05,-0.99,-0.2
1,204,30,3.7,15.18859768,0,1592.609009,140.052597,-0.14,-0.73,-0.32
1,205,9,1.49,36.56747055,0,1049.849976,129.2583923,-0.11,-0.65,-0.32
1,206,15,3.32,34.18238449,0,1104.145996,256.3733826,-0.17,-0.6,-0.35
1,207,20,2.96,40.61867142,0,1342.948975,241.5190582,-0.17,-0.6,-0.35
1,208,5,1.23,35.76848602,0,687.4819946,18.56044006,-0.06,-0.77,-0.24
1,209,6,1.2,45.70350647,0,742.6380005,329.8309326,-0.06,-0.77,-0.24
1,210,8,0.68,29.80375671,0,857.1630249,327.4563599,-0.06,-0.77,-0.24
1,211,11,1.63,16.32367516,0,732.0300293,335.6822815,-0.12,-0.87,-0.28
1,212,12,1.47,50.13933563,0,1170.228027,222.7582397,-0.05,-0.99,-0.2
1,213,26,3.28,35.47919464,0,1309.198975,335.1071472,-0.19,-0.72,-0.36
1,214,34,3.59,28.92326736,0,1597.218018,89.09177399,-0.19,-0.72,-0.36
1,216,4,1.37,35.28492737,0,595.0839844,342.5245972,0,-1,-0.16
1,217,5,1.19,20.20872116,0,765.8640137,130.1777802,-0.05,-0.99,-0.2
1,218,4,1.2,26.55733109,0,804.7789917,129.621933,-0.05,-0.99,-0.2
1,219,4,1.26,8.919708252,0,590.0859985,185.483902,-0.01,-1.09,-0.16
1,220,17,2.21,2.785035372,0,1390.928955,223.9833221,-0.11,-0.65,-0.32
1,222,9,1.27,7.416256428,0,898.8920288,253.827652,0,0,0
1,223,22,2.7,32.66150665,0,1250.380005,209.2373962,0,0,0
1,224,18,1.83,21.31712532,0,1275.869995,289.6550293,-0.05,-0.99,-0.2
1,225,27,4.2,14.28636074,0,1290.855957,227.1854248,0,0,0
1,226,15,1.74,20.81643105,0,1185.762939,136.4667969,0,0,0
1,227,4,1.22,26.73586273,0,1062.392944,142.5594482,-0.05,-0.99,-0.2
1,228,4,1.2,35.16959,0,778.6669922,127.2860413,-0.05,-0.99,-0.2
1,229,7,1.17,14.50859833,0,751.1300049,180.8311005,-0.05,-0.99,-0.2
1,230,7,1.25,48.21489716,0,576.4819946,160.0467224,-0.05,-0.99,-0.2
1,231,5,1.24,42.86414719,0,1014.286987,158.2197571,-0.05,-0.99,-0.2
1,232,7,1.36,44.50972366,0,548.2650146,341.540863,-0.06,-0.77,-0.24
1,233,36,5.15,34.01498795,0,1809.82605,106.1788483,-0.14,-0.73,-0.32
1,234,36,4.93,31.73543549,0,1807.317993,231.647934,-0.14,-0.73,-0.32
1,235,19,1.38,35.44167709,0,1261.292969,173.2930298,-0.14,-0.73,-0.32
1,236,19,1.38,33.5896225,0,1258.17395,169.2616272,-0.14,-0.73,-0.32
1,237,17,1.66,32.31624985,0,1244.623047,150.4594574,-0.01,-1.09,-0.16
1,238,8,1.16,14.45143986,0,766.3870239,116.8108215,-0.14,-0.73,-0.32
1,239,5,1.17,13.23925114,0,575.7659912,340.117218,-0.1,-0.62,-0.27
1,240,6,1.77,17.20159531,0,610.0360107,300.2629395,-0.1,-0.62,-0.27
1,241,31,3.85,39.09337234,0,1614.220947,78.76097107,-0.11,-0.65,-0.32
1,244,40,5.83,45.0970726,0,1647.756958,233.4078674,-0.11,-0.65,-0.32
1,246,36,4.2,38.33229065,0,1647.660034,187.2193756,-0.11,-0.65,-0.32
1,247,37,4.49,22.13048935,0,1708.186035,80.623909,-0.19,-0.72,-0.36
1,248,34,4.15,39.7359314,0,1404.847046,162.0013885,-0.19,-0.72,-0.36
1,249,28,3.54,39.52058792,0,1374.022949,206.6617432,-0.19,-0.72,-0.36
1,250,32,3.61,62.10477829,0,1658.824951,115.4241486,-0.19,-0.72,-0.36
1,251,26,3.28,33.4307251,0,1149.421021,268.9351807,-0.19,-0.72,-0.36
1,253,20,2.41,28.36573792,0,1323.136963,339.4693604,-0.19,-0.72,-0.36
1,254,25,2.55,28.80043602,0,1302.795044,187.5755157,-0.03,-1.03,-0.17
1,255,21,2.27,30.94149208,0,1284.396973,178.9820251,-0.03,-1.03,-0.17
1,256,9,1.18,44.14892197,0,887.4710083,296.1980591,-0.01,-1.09,-0.16
1,257,4,1.18,27.42065811,0,631.6409912,171.8351135,-0.03,-1.03,-0.17
1,258,4,1.18,48.24407578,0,561.9940186,150.3739014,-0.03,-1.03,-0.17
1,259,7,1.16,43.74167252,0,662.9030151,168.0171509,-0.01,-1.09,-0.16
1,260,4,1.18,24.16395187,0,557.7860107,132.1784058,-0.03,-1.03,-0.17
1,261,31,3.85,36.17775345,0,1613.761963,74.22900391,-0.11,-0.65,-0.32
1,262,30,4.53,39.71266937,0,1476.687988,318.6479187,-0.12,-0.87,-0.28
1,263,23,3.41,43.46316528,0,1380.482056,55.58792114,-0.12,-0.87,-0.28
1,264,13,2,23.01885796,0,1015.135986,87.21681976,-0.12,-0.64,-0.25
1,265,9,1.35,38.72579575,0,577.5980225,26.42512131,-0.06,-0.77,-0.24
1,268,10,0.84,28.02018547,0,683.9249878,4.379051208,-0.06,-0.77,-0.24
1,269,10,0.84,29.49342918,0,752.9630127,64.82240295,-0.06,-0.77,-0.24
1,273,19,1.78,36.5093956,0,1013.809021,32.30922699,-0.06,-0.77,-0.24
1,274,19,1.78,35.76589966,0,1065.785034,19.56646729,-0.06,-0.77,-0.24
1,278,27,4.7,39.09005737,0,1607.277954,11.0009613,-0.12,-0.87,-0.28
1,279,20,5.37,28.12069702,0,1437.199951,13.04905701,-0.09,-0.56,-0.32
1,280,13,1.72,49.69791794,0,934.0419922,19.89492798,-0.09,-0.56,-0.32
1,281,13,1.72,46.1355629,0,951.8989868,14.18684387,-0.09,-0.56,-0.32
1,282,11,0.66,29.76486397,0,843.5830078,96.58802032,-0.15,-0.73,-0.39
1,283,6,1.16,38.77474976,0,751.1959839,358.7069702,0,-1,-0.16
1,284,13,1.87,26.84208679,0,1049.953003,312.0742798,-0.12,-0.87,-0.28
1,285,16,3.14,38.50893021,0,1280.967041,319.8444214,-0.12,-0.87,-0.28
1,286,28,5.91,34.62598038,0,1679.895996,328.3926697,-0.09,-0.56,-0.32
1,289,7,1.22,29.24268913,0,713.6359863,5.252532959,-0.06,-0.77,-0.24
1,291,3,1.44,9.367753983,0,643.4559937,332.7168274,-0.06,-0.77,-0.24
1,292,10,0.84,40.35422134,0,657.0180054,51.03086472,-0.06,-0.77,-0.24
1,293,10,0.84,35.96754074,0,660.5999756,29.45678329,-0.06,-0.77,-0.24
1,294,6,0.63,29.39583969,0,896.0529785,79.38854218,-0.06,-0.77,-0.24
1,295,9,0.75,34.75590134,0,913.0029907,17.1295929,-0.12,-0.64,-0.25
1,296,10,1.27,16.05618095,0,1014.044006,114.5037842,-0.03,-1.03,-0.17
1,297,5,1.19,29.20852852,0,679.7459717,149.2773438,-0.03,-1.03,-0.17
1,302,5,1.15,43.9552002,0,858.8439941,156.0602417,-0.03,-1.03,-0.17
1,303,5,1.15,33.62995529,0,792.4459839,157.7475586,-0.03,-1.03,-0.17
1,308,5,1.15,22.55443764,0,564.4920044,140.1270447,-0.03,-1.03,-0.17
1,313,20,2.41,34.21043777,0,1160.687012,303.225708,-0.19,-0.72,-0.36
1,314,5,1.19,4.957470417,0,643.4180298,227.916153,-0.03,-1.03,-0.17
1,315,37,4.49,19.79180717,0,1817.506958,168.6833954,-0.19,-0.72,-0.36
1,316,9,1.22,34.78125,0,1139.694946,172.1892548,-0.03,-1.03,-0.17
1,317,37,4.07,35.52822113,0,1750.574951,156.8679657,-0.19,-0.72,-0.36
1,318,6,1.77,16.2351017,0,651.4699707,321.9741211,-0.1,-0.62,-0.27
1,319,5,1.17,31.05475616,0,617.4769897,18.70491028,-0.1,-0.62,-0.27