fid,num,SWEmin,SWEmax,SWEmean,sumSWEpos,sumSWEabs,SLOPE,DEM 2,ASPECT,land cover,GEO,fid_2,Y
1,1,-0.14,-0.64,-0.39,56,9.05,31.4533100128174,2779.82397460938,177.786865234375,5,3,1,0
2,2,-0.09,-1.05,-0.23,2,1.19,20.3911285400391,790.06298828125,155.459106445312,4,4,2,0
3,3,-0.09,-1.05,-0.23,18,2.36,23.4736728668213,1170.79602050781,195.350830078125,4,3,3,0
4,4,-0.14,-0.64,-0.39,47,5.26,12.7367238998413,2007.03295898438,56.9171104431152,3,1,4,0
5,5,-0.25,-0.67,-0.45,52,5.5,24.1941928863525,2171.544921875,14.3628387451172,3,1,5,0
6,6,-0.21,-1.01,-0.6,57,10.81,14.8641004562378,2969.67602539062,277.438781738281,5,1,6,0
7,7,-0.09,-0.86,-0.23,39,5.85,36.2323112487793,1909.93701171875,160.873809814453,4,4,7,0
8,8,-0.2,-0.75,-0.46,49,6.06,44.4802207946777,1857.28002929688,258.546569824219,3,3,8,0
9,9,-0.09,-1.05,-0.23,19,2.27,16.7418117523193,1258.10095214844,168.132598876953,4,3,9,0
10,10,-0.18,-0.92,-0.33,19,1.97,24.7203426361084,1025.6240234375,37.1631088256836,1,2,10,0
11,11,-0.09,-0.86,-0.23,17,2.32,22.2019653320312,1029.36596679688,285.268646240234,2,1,11,0
12,12,-0.25,-0.67,-0.45,52,7.22,24.8419284820557,2413.35205078125,197.113830566406,4,1,12,0
13,13,-0.17,-0.85,-0.36,50,4.61,15.640025138855,2004.44995117188,168.938720703125,3,1,13,0
14,14,-0.15,-0.61,-0.29,57,11.1,35.9213485717773,2932.84790039062,217.709869384766,5,4,14,0
15,15,-0.19,-0.91,-0.46,55,8.01,33.8230171203613,2429.54711914062,226.819763183594,4,1,15,0
16,16,-0.14,-0.64,-0.39,42,6.54,35.7788696289062,1871.123046875,41.7677345275879,3,3,16,0
17,17,-0.19,-0.91,-0.46,55,7.7,39.3064308166504,2417.82788085938,299.146728515625,4,1,17,0
18,18,-0.09,-0.86,-0.23,37,3.91,7.9359393119812,1585.88195800781,270.250854492188,4,1,18,0
19,19,-0.16,-0.94,-0.31,33,4.15,67.6724166870117,1382.87902832031,95.0186386108398,3,4,19,0
20,20,-0.1,-0.8,-0.23,6,1.01,41.1011543273926,711.643005371094,55.3315315246582,4,3,20,0
21,21,-0.21,-1.44,-0.69,52,6.63,18.417652130127,2079.63403320312,143.083892822266,4,1,21,0
22,22,-0.19,-0.91,-0.46,57,13.82,52.6753540039062,3341.53295898438,94.8398132324219,5,4,22,0
23,23,-0.16,-0.94,-0.31,44,5.27,29.2672500610352,1716.13793945312,45.633186340332,3,3,23,0
24,24,-0.1,-0.8,-0.23,54,6.88,38.555347442627,2615.5810546875,120.746292114258,5,4,24,0
25,25,-0.2,-0.75,-0.46,47,4.92,46.2436981201172,1973.48901367188,214.269592285156,4,3,25,0
26,26,-0.09,-1.05,-0.23,36,4.02,27.7944259643555,1558.82702636719,227.703109741211,3,3,26,0
27,27,-0.19,-0.91,-0.46,54,7.09,31.2668323516846,2173.15795898438,41.9075889587402,4,1,27,0
28,28,-0.03,-1.03,-0.17,7,1.33,25.1247863769531,905.369018554688,204.822265625,2,1,28,0
29,29,-0.09,-0.86,-0.23,24,3.19,28.4559211730957,1291.01196289062,275.625854492188,3,1,29,0
30,30,-0.17,-0.85,-0.36,21,2.14,28.9278011322021,1382.00695800781,204.299163818359,2,1,30,0
31,31,-0.2,-0.75,-0.46,54,7.75,29.6638011932373,2401.47509765625,285.532989501953,4,3,31,0
32,32,-0.19,-0.91,-0.46,55,7.78,44.6472091674805,2508.43701171875,253.833831787109,4,4,32,0
33,33,-0.16,-1.1,-0.53,47,6.97,29.9683990478516,2263.82592773438,233.639541625977,4,4,33,0
34,34,-0.09,-1.05,-0.23,22,2.43,5.71877431869507,1275.28100585938,204.331237792969,2,3,34,0
35,35,-0.21,-1.01,-0.6,57,10.15,5.40270137786865,2894.44995117188,29.2449531555176,5,1,35,0
36,36,-0.15,-0.59,-0.38,52,6.25,35.9056167602539,2218.6220703125,40.1512680053711,4,1,36,0
37,37,-0.19,-0.91,-0.46,56,10.15,27.2793407440186,2600.32397460938,167.330688476562,5,2,37,0
38,38,-0.25,-0.67,-0.45,55,6.87,22.8701515197754,2315.23608398438,265.526916503906,4,1,38,0
39,39,-0.19,-0.91,-0.46,50,9.98,42.0339775085449,2474.4140625,101.338844299316,4,4,39,0
40,40,-0.19,-0.91,-0.46,38,4.88,53.5936965942383,1712.31494140625,57.6518287658691,3,4,40,0
41,41,-0.16,-1.1,-0.53,55,5.23,27.3778533935547,2149.58203125,41.7703742980957,4,3,41,0
42,42,-0.16,-1.1,-0.53,56,13.04,60.4061279296875,3151.94897460938,133.129028320312,5,4,42,0
43,43,-0.19,-0.91,-0.46,55,10.29,61.650821685791,2709.22192382812,96.7571258544922,4,4,43,0
44,44,-0.16,-0.94,-0.31,43,4.6,32.4444961547852,1791.41003417969,91.0699768066406,3,3,44,0
45,45,-0.21,-1.44,-0.69,53,13.28,45.0283622741699,3280.498046875,191.562072753906,5,4,45,0
46,46,-0.09,-1.05,-0.23,19,2.48,19.7621822357178,1178.42297363281,166.105407714844,3,3,46,0
47,47,-0.2,-0.75,-0.46,44,5.94,69.6598815917969,1996.083984375,148.948760986328,4,4,47,0
48,48,-0.18,-0.69,-0.35,48,6.21,24.0853137969971,2035.65795898438,4.09119415283203,3,1,48,0
49,49,0,0,0,57,10014.16,12.4491271972656,3741.8759765625,243.427871704102,0,6,49,0
50,50,-0.21,-1.01,-0.6,56,8.94,32.2376708984375,2524.31201171875,307.912414550781,4,3,50,0
51,51,-0.15,-0.59,-0.38,52,6.25,11.9757432937622,2204.2109375,37.7997932434082,4,1,51,0
52,52,-0.21,-1.44,-0.69,55,10013.47,51.6452789306641,3584.14990234375,229.171493530273,5,4,52,0
53,53,-0.19,-0.91,-0.46,56,11.14,57.4197998046875,2437.1220703125,145.279113769531,5,4,53,0
54,54,-0.2,-0.75,-0.46,56,8.75,23.9808082580566,2630.9208984375,234.144287109375,4,1,54,0
55,55,-0.09,-0.76,-0.26,27,3.92,12.0903072357178,1515.79895019531,3.970458984375,3,1,55,0
56,56,-0.18,-0.69,-0.35,28,3.71,29.300422668457,1694.65795898438,323.348815917969,3,3,56,0
57,57,-0.2,-0.75,-0.46,57,11.29,43.4092826843262,3147.0458984375,258.262329101562,0,4,57,0
58,58,-0.16,-0.94,-0.31,35,3.49,16.272367477417,1563.60998535156,185.778533935547,1,3,58,0
59,59,-0.2,-0.75,-0.46,53,5.76,29.5401458740234,2310.3740234375,209.897964477539,4,1,59,0
60,60,-0.21,-1.01,-0.6,57,11.09,21.1536045074463,2935.72607421875,330.912048339844,5,1,60,0
61,61,-0.18,-0.92,-0.33,17,2.01,16.2841129302979,1014.07800292969,182.326141357422,3,2,61,0
62,62,-0.14,-0.64,-0.39,55,5.74,31.950984954834,2335.55200195312,216.604125976562,4,1,62,0
63,63,-0.09,-1.05,-0.23,32,3.49,24.5559825897217,1574.82800292969,145.025543212891,2,3,63,0
64,64,-0.17,-0.85,-0.36,50,5.25,11.2559032440186,2078.84790039062,193.985107421875,4,1,64,0
65,65,-0.19,-0.91,-0.46,56,10.21,36.732795715332,2819.373046875,322.4833984375,5,4,65,0
66,66,-0.16,-0.82,-0.41,23,3.57,4.07478141784668,1153.44604492188,172.442657470703,2,3,66,0
67,67,-0.09,-0.86,-0.23,33,5.71,34.5454635620117,1790,220.808181762695,4,3,67,0
68,68,-0.04,-1.08,-0.19,25,2.96,10.3296575546265,1373.71398925781,266.265686035156,4,3,68,0
69,69,-0.16,-1.1,-0.53,56,12.3,16.0938205718994,3227.98193359375,42.1791114807129,5,4,69,0
70,70,-0.21,-1.01,-0.6,55,7.74,26.0205020904541,2462.69604492188,330.980194091797,4,1,70,0
71,71,-0.09,-1.05,-0.23,15,1.94,11.8024711608887,1125.47204589844,204.18424987793,2,3,71,0
72,72,-0.14,-0.64,-0.39,33,4.14,23.2418098449707,1620.36401367188,91.217399597168,4,3,72,0
73,73,-0.09,-0.86,-0.23,30,3.75,27.4057884216309,1472.97705078125,231.363372802734,3,4,73,0
74,74,-0.21,-1.44,-0.69,57,11.26,27.807165145874,2891.65307617188,245.19660949707,5,3,74,0
75,75,-0.15,-0.61,-0.29,57,11.1,54.4287528991699,2933.8798828125,182.484344482422,5,4,75,0
76,76,-0.09,-0.86,-0.23,19,2.33,13.764196395874,1087.43798828125,274.257995605469,2,1,76,0
77,77,-0.16,-0.82,-0.41,52,9.39,57.4012298583984,2666.45288085938,51.0932655334473,4,4,77,0
78,78,-0.09,-1.05,-0.23,3,1.22,4.40731191635132,482.093994140625,48.9453239440918,2,2,78,0
79,79,-0.1,-0.8,-0.23,52,8.19,33.0036544799805,2357.19409179688,341.076385498047,5,4,79,0
80,80,-0.2,-0.75,-0.46,55,7.93,60.9582099914551,2483.90600585938,177.214294433594,4,3,80,0
81,81,-0.21,-1.01,-0.6,57,11.85,25.1173267364502,3050.00610351562,328.859680175781,5,3,81,0
82,82,-0.1,-0.8,-0.23,5,1.24,32.305290222168,763.747009277344,31.9203758239746,3,1,82,0
83,83,-0.19,-0.91,-0.46,55,8.58,39.6908149719238,2681.1640625,290.882019042969,4,4,83,0
84,84,-0.25,-0.67,-0.45,47,4.63,4.55237483978271,1980.39501953125,222.421417236328,3,3,84,0
85,85,-0.09,-0.86,-0.23,28,3.84,30.2446537017822,1342.43298339844,204.781005859375,3,3,85,0
86,86,-0.14,-0.64,-0.39,56,7.79,9.32191371917725,2565.9189453125,69.4289932250977,4,4,86,0
87,87,-0.09,-1.05,-0.23,48,7.67,37.8762130737305,2188.72412109375,174.108673095703,4,3,87,0
88,88,-0.19,-0.91,-0.46,49,9.13,22.0974159240723,2337.79711914062,121.099655151367,4,1,88,0
89,89,-0.16,-0.94,-0.31,8,2.01,54.8760299682617,1030.61206054688,54.7715911865234,3,4,89,0
90,90,-0.14,-0.64,-0.39,28,4.44,35.0753974914551,1649.01098632812,103.150833129883,4,4,90,0
91,91,-0.14,-0.64,-0.39,54,9.05,35.233268737793,2451.27587890625,90.4059982299805,4,3,91,0
92,92,-0.16,-0.94,-0.31,15,2.58,38.1903495788574,1342.82604980469,111.632598876953,3,4,92,0
93,93,-0.19,-0.91,-0.46,50,10.49,19.63405418396,2405.8701171875,84.3645095825195,5,1,93,0
94,94,-0.18,-0.69,-0.35,38,4.72,32.0354347229004,1938.58801269531,125.896301269531,3,3,94,0
95,95,-0.09,-1.05,-0.23,26,2.79,6.46799659729004,1487.90905761719,189.201141357422,3,1,95,0
96,96,-0.19,-0.91,-0.46,0,0.73,47.9788818359375,3311.77197265625,137.828689575195,5,4,96,0
97,97,-0.09,-0.86,-0.23,36,4.32,30.1149044036865,1559.31396484375,303.512817382812,3,3,97,0
98,98,-0.16,-0.82,-0.41,31,3.48,0.524828255176544,1310.59899902344,304.960754394531,2,2,98,0
99,99,-0.16,-0.82,-0.41,20,4.31,47.1623764038086,1794.31103515625,265.779357910156,2,1,99,0
100,100,-0.25,-0.67,-0.45,55,6.82,31.5008792877197,2469.794921875,88.2250595092773,4,3,100,0
101,101,-0.09,-1.05,-0.23,18,1.98,1.59752404689789,1168.73205566406,235.927383422852,2,1,101,0
102,102,-0.19,-0.91,-0.46,44,5.8,9.15047740936279,1949.71997070312,100.965065002441,3,3,102,0
103,103,-0.2,-0.75,-0.46,53,5.81,38.8863754272461,2198.68701171875,223.114028930664,4,3,103,0
104,104,-0.19,-0.91,-0.46,50,10.49,16.0484256744385,2414.42797851562,248.726837158203,5,1,104,0
105,105,-0.09,-0.76,-0.26,27,3.92,26.4364604949951,1479.03894042969,10.5753707885742,3,1,105,0
106,106,-0.09,-0.86,-0.23,37,6.44,69.9436187744141,2124.93701171875,255.767135620117,4,4,106,0
107,107,-0.21,-1.44,-0.69,55,9.52,34.0281829833984,2673.93603515625,132.149658203125,5,4,107,0
108,108,-0.15,-0.61,-0.29,51,6.22,37.3118591308594,1771.53503417969,271.459289550781,3,3,108,0
109,109,-0.09,-0.76,-0.26,13,1.3,47.0132637023926,908.963012695312,23.8460693359375,3,4,109,0
110,110,-0.09,-1.05,-0.23,39,6.05,38.547004699707,1968.4560546875,187.254852294922,4,3,110,0
111,111,-0.18,-0.92,-0.33,15,1.85,10.9478311538696,1065.47302246094,192.12190246582,1,2,111,0
112,112,-0.03,-1.03,-0.17,10,1.22,51.3638229370117,999.260009765625,202.220184326172,3,4,112,0
113,113,-0.19,-0.91,-0.46,49,5.18,28.373685836792,1884.53198242188,75.5915908813477,4,4,113,0
114,114,-0.19,-0.91,-0.46,55,7.21,13.4425182342529,2368.72192382812,100.54955291748,4,1,114,0
115,115,-0.09,-0.86,-0.23,17,2.27,12.4600687026978,1123.19995117188,261.869903564453,2,3,115,0
116,116,-0.2,-0.75,-0.46,54,5.83,13.4396152496338,2324.37109375,272.693603515625,4,1,116,0
117,117,-0.25,-0.67,-0.45,52,7.22,24.1262474060059,2383.95703125,98.4238204956055,4,1,117,0
118,118,-0.1,-0.8,-0.23,0,10000.07,28.8765106201172,518.806030273438,1.6885986328125,3,3,118,0
119,119,-0.14,-0.64,-0.39,55,8.2,32.2919654846191,2565.60009765625,104.473754882812,5,1,119,0
120,120,-0.16,-0.94,-0.31,40,4.88,5.14238119125366,1587.98999023438,90,1,3,120,0
121,121,-0.09,-1.05,-0.23,21,2.43,29.8573207855225,1259.09594726562,125.155967712402,2,4,121,0
122,122,-0.19,-0.91,-0.46,57,10013.33,61.8880043029785,3489.22705078125,208.260528564453,5,4,122,0
123,123,-0.14,-0.64,-0.39,30,4.36,36.2135581970215,1881.77795410156,122.24153137207,3,3,123,0
124,124,-0.1,-0.8,-0.23,50,5.58,19.9908275604248,1958.30200195312,359.605865478516,5,3,124,0
125,125,-0.18,-0.92,-0.33,40,4.37,34.7326049804688,1689.291015625,166.500244140625,2,3,125,0
126,126,-0.2,-0.75,-0.46,55,6.46,29.7227954864502,2414.1279296875,200.973297119141,4,1,126,0
127,127,-0.16,-1.1,-0.53,54,5.15,0.67722362279892,2150.48608398438,327.869171142578,6,6,127,0
128,128,-0.09,-1.05,-0.23,0,1.09,1.93986368179321,464.242004394531,209.885757446289,2,7,128,0
129,129,-0.2,-0.75,-0.46,49,6.06,22.1698627471924,1901.375,263.657897949219,3,3,129,0
130,130,-0.09,-1.05,-0.23,4,1.01,25.186824798584,703.848022460938,167.645812988281,4,3,130,0
131,131,-0.09,-1.05,-0.23,29,3.14,18.9699401855469,1542.22302246094,159.454071044922,3,1,131,0
132,132,-0.2,-0.75,-0.46,56,9.3,32.3870315551758,2711.86108398438,309.240142822266,5,1,132,0
133,133,-0.09,-0.76,-0.26,27,3.92,39.3071060180664,1481.18701171875,36.0595626831055,3,3,133,0
134,134,-0.09,-1.05,-0.23,40,4.43,18.3430042266846,1910.94299316406,205.692352294922,3,3,134,0
135,135,-0.15,-0.59,-0.38,55,7.56,43.7371559143066,2483.51196289062,233.08186340332,4,3,135,0
136,136,-0.21,-1.01,-0.6,57,10.36,18.8855152130127,2950.54711914062,323.320251464844,5,1,136,0
137,137,-0.03,-1.03,-0.17,9,1.49,33.1144676208496,996.210021972656,117.817344665527,3,5,137,0
138,138,-0.2,-0.75,-0.46,53,5.81,23.6175918579102,2237.1259765625,265.003234863281,4,3,138,0
139,139,0,0,0,57,15.07,16.2006855010986,3656.02587890625,242.229125976562,5,6,139,0
140,140,-0.18,-0.92,-0.33,25,2.93,19.037633895874,1430.55798339844,181.64714050293,3,1,140,0
141,141,-0.09,-0.76,-0.26,5,1.63,42.0380439758301,784.18701171875,44.3259811401367,3,3,141,0
142,142,-0.19,-0.91,-0.46,41,5.13,7.60966205596924,2032.40405273438,10.236946105957,3,4,142,0
143,143,-0.19,-0.91,-0.46,55,8.54,11.1018676757812,2467.61889648438,285.903778076172,4,1,143,0
144,144,-0.14,-0.64,-0.39,57,10.89,42.9288787841797,2988.53002929688,136.472885131836,5,4,144,0
145,145,0,0,0,57,11.28,62.7053680419922,2938.92309570312,235.034591674805,5,4,145,0
146,146,-0.09,-0.86,-0.23,3,0.14,8.65309238433838,546.2080078125,154.974090576172,1,2,146,0
147,147,-0.09,-0.86,-0.23,1,1.07,42.4730987548828,589.190002441406,211.715866088867,1,3,147,0
148,148,-0.14,-0.64,-0.39,28,4.76,50.9853401184082,1622.33203125,174.01057434082,4,4,148,0
149,149,-0.21,-1.44,-0.69,55,8.28,28.6497592926025,2459.2490234375,241.06413269043,4,2,149,0
150,150,-0.19,-0.91,-0.46,50,9.98,29.7256717681885,2304.05004882812,121.845031738281,4,3,150,0
151,151,-0.19,-0.91,-0.46,54,8.69,29.6519336700439,2345.001953125,100.370223999023,5,2,151,0
152,152,-0.09,-0.76,-0.26,43,7.44,15.0138378143311,1958.00805664062,37.4084014892578,4,3,152,0
153,153,-0.17,-0.85,-0.36,54,5.73,25.8857975006104,2204.43408203125,218.940048217773,4,3,153,0
154,154,-0.17,-0.85,-0.36,20,2.42,10.7299871444702,1381.27795410156,239.044158935547,4,1,154,0
155,155,-0.2,-0.75,-0.46,55,7.72,17.7586917877197,2529.916015625,106.66682434082,4,3,155,0
156,156,-0.09,-1.05,-0.23,38,4.24,29.0531253814697,1665.80603027344,194.208770751953,3,3,156,0
157,157,-0.09,-0.86,-0.23,33,5.71,36.8928146362305,1737.90295410156,226.21403503418,4,3,157,0
158,158,-0.2,-0.75,-0.46,41,5.13,29.6973648071289,1703.09802246094,327.892578125,2,1,158,0
159,159,-0.16,-0.94,-0.31,50,5.36,27.3219528198242,2072.46704101562,148.734405517578,3,3,159,0
160,160,-0.14,-0.64,-0.39,48,4.84,14.7834510803223,1934.81005859375,105.947219848633,4,1,160,0
161,161,-0.18,-0.92,-0.33,23,2.35,36.4925956726074,1135.76696777344,189.433563232422,4,4,161,0
162,162,-0.1,-0.8,-0.23,16,2.52,20.5414905548096,1161.03894042969,343.408477783203,3,1,162,0
163,163,-0.17,-0.85,-0.36,54,6.38,32.9535446166992,2331.35107421875,154.597885131836,4,3,163,0
164,164,-0.21,-1.01,-0.6,55,11.31,7.41579818725586,3091.5458984375,177.258361816406,5,4,164,0
165,165,-0.11,-0.72,-0.3,40,4.39,2.67753005027771,1680.52502441406,337.233459472656,3,1,165,0
166,166,-0.14,-0.64,-0.39,52,5,34.6888809204102,2107.49389648438,102.280014038086,3,3,166,0
167,167,-0.14,-0.64,-0.39,52,7.68,27.3100490570068,2259.99609375,354.301544189453,3,3,167,0
168,168,-0.09,-0.86,-0.23,4,1.17,18.7422428131104,825.081970214844,155.749465942383,3,1,168,0
169,169,-0.25,-0.67,-0.45,56,7.7,31.1325492858887,2394.07299804688,333.251098632812,4,3,169,0
170,170,-0.09,-0.86,-0.23,17,2.35,33.0346984863281,1167.76000976562,176.744537353516,3,3,170,0
171,171,0,0,0,57,11.85,17.7752780914307,3006.90502929688,151.341659545898,5,3,171,0
172,172,-0.1,-0.8,-0.23,55,6.92,66.5298538208008,2361.27294921875,256.896606445312,5,4,172,0
173,173,-0.15,-0.59,-0.38,55,7.56,46.3946418762207,2484.21899414062,176.550415039062,4,4,173,0
174,174,-0.18,-0.92,-0.33,39,4.81,6.82594013214111,1861.541015625,258.664306640625,2,3,174,0
175,175,-0.16,-1.1,-0.53,54,5.72,1.23318958282471,2149.2900390625,305.537658691406,6,3,175,0
176,176,-0.16,-0.94,-0.31,30,3.44,5.94351530075073,1537.54797363281,59.1572189331055,1,1,176,0
177,177,-0.18,-0.69,-0.35,54,5.02,36.0250778198242,2329.9189453125,327.566436767578,5,1,177,0
178,178,-0.1,-0.8,-0.23,11,2.06,32.7147674560547,1076.34704589844,18.4349517822266,3,3,178,0
179,179,-0.21,-1.44,-0.69,55,8.44,5.2009334564209,2545.71704101562,326.182067871094,4,1,179,0
180,180,-0.16,-0.82,-0.41,43,6.66,20.0480651855469,2111.7041015625,307.237884521484,3,3,180,0
181,181,-0.2,-0.75,-0.46,47,4.63,12.8662490844727,1925.47094726562,35.6480255126953,3,3,181,0
182,182,-0.16,-1.1,-0.53,51,8.92,33.4694519042969,2374.09692382812,87.7778854370117,4,4,182,0
183,183,-0.18,-0.69,-0.35,38,4.03,29.948429107666,1802.03503417969,350.447387695312,3,1,183,0
184,184,-0.15,-0.59,-0.38,55,8.81,32.1672439575195,2537.73388671875,204.358825683594,4,3,184,0
185,185,-0.09,-1.05,-0.23,6,1.19,42.5469589233398,914.763977050781,158.675109863281,4,3,185,0
186,186,-0.2,-0.75,-0.46,56,8.75,12.3358669281006,2575.38793945312,274.097015380859,4,1,186,0
187,187,-0.21,-1.44,-0.69,56,8.62,18.7225208282471,2513.79711914062,300.976135253906,5,1,187,0
188,188,-0.21,-1.01,-0.6,56,9.58,30.0116176605225,2697.40600585938,231.680572509766,5,4,188,0
189,189,-0.09,-0.86,-0.23,19,2.33,13.3532772064209,1095.30395507812,248.759414672852,3,1,189,0
190,190,-0.09,-0.86,-0.23,9,1.8,38.1260223388672,1041.39001464844,167.253692626953,3,3,190,0
191,191,-0.16,-0.82,-0.41,54,8.74,43.344596862793,2593.07202148438,100.684295654297,4,3,191,0
192,192,-0.09,-0.86,-0.23,32,6.72,40.631290435791,2131.49389648438,126.397125244141,4,3,192,0
193,193,-0.21,-1.44,-0.69,57,13.93,47.47705078125,3204.67602539062,164.846710205078,5,4,193,0
194,194,-0.09,-1.05,-0.23,49,6.24,52.7873954772949,2222.82397460938,181.960296630859,5,4,194,0
195,195,-0.17,-0.85,-0.36,46,7.34,27.8298664093018,2438.85302734375,300.87060546875,4,3,195,0
196,196,-0.09,-0.86,-0.23,7,1.79,36.0024299621582,852.531982421875,223.814758300781,2,1,196,0
197,197,-0.11,-0.72,-0.3,27,3.74,17.099702835083,1612.1669921875,45.9887313842773,3,1,197,0
198,198,-0.2,-0.75,-0.46,52,6.21,5.23988962173462,2348.10498046875,205.337097167969,4,1,198,0
199,199,-0.14,-0.64,-0.39,57,10.69,39.4879760742188,3121.68408203125,141.097595214844,5,4,199,0
200,200,-0.15,-0.59,-0.38,46,6.21,33.2612457275391,1996.42004394531,155.511047363281,2,1,200,0
201,201,-0.05,-0.99,-0.2,3,19999.12,0.608628153800964,558.132019042969,176.623870849609,2,2,401,0
202,202,-0.12,-0.64,-0.25,55,5.41,21.4056072235107,2229.76806640625,47.8397254943848,4,1,402,0
203,203,-0.12,-0.87,-0.28,43,6.08,9.62946701049805,1787.94494628906,333.53173828125,2,1,403,0
204,204,-0.12,-0.79,-0.47,52,6.96,36.8196220397949,2413.74389648438,256.367095947266,5,3,404,0
205,205,-0.14,-0.73,-0.32,4,1.23,31.5527610778809,999.585998535156,264.51025390625,4,4,405,0
206,206,-0.17,-0.8,-0.45,55,9.38,35.1725769042969,2715.39404296875,192.443756103516,5,4,406,0
207,207,-0.11,-0.65,-0.32,30,3.32,42.5242881774902,1727.63403320312,105.051284790039,3,1,407,0
208,208,0,-1,-0.16,5,1.39,2.69034957885742,830.236999511719,326.939483642578,3,1,408,0
209,209,-0.18,-0.93,-0.48,49,5.48,11.2767782211304,1945.95703125,202.856628417969,4,2,409,0
210,210,-0.14,-0.7,-0.33,56,9.53,45.2910423278809,2745.56396484375,38.7187347412109,5,4,410,0
211,211,-0.14,-0.73,-0.32,53,5.32,17.7343292236328,2169.27587890625,172.256500244141,4,3,411,0
212,212,-0.12,-0.64,-0.25,9,1.36,7.9271354675293,622.523986816406,349.398071289062,1,2,412,0
213,213,-0.1,-0.62,-0.27,56,9.94,56.081714630127,3032.60400390625,257.171234130859,5,4,413,0
214,214,-0.12,-0.64,-0.25,55,5.41,17.5726623535156,2173.98291015625,24.1149673461914,4,1,414,0
215,215,-0.19,-0.72,-0.36,41,5.47,28.9687118530273,1682.2490234375,264.711486816406,3,3,415,0
216,216,-0.18,-0.69,-0.4,57,10.11,33.3010025024414,2669.15502929688,354.310607910156,5,3,416,0
217,217,-0.05,-0.99,-0.2,2,10000.18,0.974980175495148,549.494018554688,53.9726257324219,1,7,417,0
218,218,-0.14,-0.7,-0.33,54,6.59,32.2020645141602,2207.63208007812,122.987785339355,5,3,418,0
219,219,-0.12,-0.64,-0.25,9,1.54,37.6299858093262,1095.68005371094,37.6233520507812,3,4,419,0
220,220,-0.15,-0.61,-0.29,5,0.39,53.7549629211426,859.763977050781,287.977111816406,3,3,420,0
221,221,-0.17,-0.6,-0.35,34,4.71,37.0671424865723,1539.28405761719,283.908813476562,3,3,421,0
222,222,-0.14,-0.73,-0.32,38,5.35,34.7966651916504,2177.25708007812,283.308807373047,3,3,422,0
223,223,-0.11,-0.65,-0.32,55,8.62,47.976188659668,2778.39794921875,61.6194190979004,5,4,423,0
224,224,-0.12,-0.87,-0.28,8,1.43,26.0877017974854,685.455993652344,308.157043457031,2,1,424,0
225,225,-0.18,-0.69,-0.4,52,9.31,29.9235992431641,2535.77197265625,316.319030761719,5,1,425,0
226,226,-0.05,-0.99,-0.2,4,1.2,29.6987361907959,811.901977539062,218.942993164062,4,1,426,0
227,227,-0.11,-0.65,-0.32,51,5.38,17.8068218231201,2340.14111328125,47.3718414306641,4,1,427,0
228,228,-0.19,-0.72,-0.36,51,6.71,30.2617111206055,2288.65698242188,161.058990478516,4,3,428,0
229,229,-0.1,-0.62,-0.27,10,1.41,31.5902881622314,970.02099609375,332.981658935547,3,1,429,0
230,230,-0.05,-0.99,-0.2,6,1.17,22.8395175933838,640.697021484375,191.641708374023,2,1,430,0
231,231,-0.18,-0.93,-0.48,54,6.53,36.5959815979004,2488.32495117188,339.247192382812,4,3,431,0
232,232,-0.12,-0.87,-0.28,23,3.41,12.6368064880371,1335.88903808594,72.9832763671875,2,3,432,0
233,233,-0.12,-0.64,-0.25,30,3.54,10.385890007019,1647.76501464844,64.2200088500977,3,1,433,0
234,234,-0.19,-0.72,-0.36,51,5.57,26.2826824188232,2086.97607421875,225.125183105469,4,3,434,0
235,235,0,0,0,52,5.11,32.0979194641113,2131.71508789062,275.046539306641,4,3,435,0
236,236,-0.17,-0.6,-0.35,55,5.82,3.26367974281311,2389.90087890625,295.961669921875,4,3,436,0
237,237,-0.23,-0.84,-0.36,44,6.17,31.7569236755371,1903.31896972656,262.982543945312,4,3,437,0
238,238,-0.12,-0.64,-0.25,8,1.5,31.3662033081055,1118.98095703125,336.428924560547,3,3,438,0
239,239,-0.17,-0.8,-0.45,44,4.77,8.45897102355957,1756.69702148438,49.1270790100098,4,3,439,0
240,240,-0.14,-0.7,-0.33,19,2.21,34.902458190918,1490.61401367188,80.2031173706055,3,3,440,0
241,241,-0.09,-0.56,-0.32,55,5.74,12.2131824493408,2147.45288085938,285.337310791016,4,1,441,0
242,242,-0.09,-0.56,-0.32,18,3.57,19.7052421569824,1394.02502441406,299.247131347656,2,3,442,0
243,243,-0.12,-0.64,-0.25,7,1.35,1.60061824321747,600.43798828125,333.434936523438,2,2,443,0
244,244,-0.01,-1.09,-0.16,7,1.04,47.2002410888672,866.992004394531,204.844009399414,2,1,444,0
245,245,-0.12,-0.79,-0.47,57,10.77,35.8644256591797,3116.7958984375,155.919143676758,5,3,445,0
246,246,-0.05,-0.99,-0.2,45,6.66,40.5173645019531,2211.94897460938,124.934020996094,4,3,446,0
247,247,-0.18,-0.93,-0.48,51,5.57,40.2403526306152,2018.43298339844,234.620361328125,3,4,447,0
248,248,-0.06,-0.77,-0.24,5,1.23,26.6268749237061,729.52001953125,320.05712890625,3,1,448,0
249,249,-0.23,-0.84,-0.36,41,5.47,44.5256729125977,1555.48901367188,303.384887695312,3,3,449,0
250,250,-0.14,-0.73,-0.32,44,5.09,43.300651550293,2040.5439453125,175.395523071289,4,3,450,0
251,251,-0.14,-0.7,-0.33,43,8.93,38.8354530334473,2293.55200195312,89.3787994384766,3,4,451,0
252,252,-0.12,-0.87,-0.28,48,5.8,24.8752708435059,2077.94311523438,322.762054443359,3,1,452,0
253,253,-0.12,-0.79,-0.47,56,9.71,43.109691619873,2697.67504882812,7.00685882568359,5,1,453,0
254,254,-0.17,-0.8,-0.45,56,8.86,21.7571620941162,2571.01904296875,53.1563873291016,4,3,454,0
255,255,-0.09,-0.56,-0.32,56,10.11,30.3582172393799,2803.64404296875,254.967437744141,5,3,455,0
256,256,0,0,0,45,5.94,37.7429237365723,1850.93103027344,225.661254882812,4,3,456,0
257,257,-0.12,-0.79,-0.47,56,8.98,31.219217300415,2666.18701171875,17.2817459106445,5,3,457,0
258,258,-0.1,-0.62,-0.27,6,1.2,1.13222813606262,550.601013183594,161.593017578125,2,2,458,0
259,259,-0.23,-0.84,-0.36,49,7.64,37.9763717651367,2429.84204101562,179.767059326172,5,3,459,0
260,260,-0.05,-0.99,-0.2,3,19999.09,1.15427815914154,550.900024414062,119.787933349609,1,2,460,0
261,261,-0.19,-0.72,-0.36,49,4.15,11.7628469467163,1853.25305175781,268.185974121094,4,1,461,0
262,262,-0.15,-0.61,-0.29,0,0.34,69.4504623413086,2265.13891601562,98.2454223632812,5,4,462,0
263,263,-0.06,-0.77,-0.24,26,2.05,35.0962829589844,1297.541015625,58.8275756835938,3,3,463,0
264,264,-0.18,-0.93,-0.48,53,5.16,29.1106758117676,2072.01098632812,267.424255371094,3,3,464,0
265,265,-0.01,-1.09,-0.16,21,2.68,15.3626117706299,1509.98901367188,147.06364440918,3,3,465,0
266,266,-0.05,-0.99,-0.2,27,3.2,37.5725936889648,1725.14099121094,184.005462646484,3,3,466,0
267,267,-0.1,-0.62,-0.27,39,5.25,26.3713226318359,1999.54296875,232.455062866211,4,3,467,0
268,268,-0.01,-1.09,-0.16,21,2.68,17.1090641021729,1547.06604003906,110.92903137207,3,3,468,0
269,269,-0.18,-0.93,-0.48,54,8.69,44.2857093811035,2667.88110351562,317.812652587891,5,3,469,0
270,270,-0.06,-0.77,-0.24,3,1.01,18.1348762512207,740.877014160156,357.570281982422,3,3,470,0
271,271,-0.09,-0.56,-0.32,55,8.78,60.0642433166504,2785.17407226562,318.003051757812,5,4,471,0
272,272,0,-1,-0.16,5,1.22,5.47930526733398,559.260986328125,321.237731933594,2,2,472,0
273,273,-0.12,-0.79,-0.47,53,5.78,38.3764228820801,2290.01098632812,310.31103515625,4,1,473,0
274,274,-0.17,-0.8,-0.45,53,10.99,30.2819805145264,2684.98291015625,9.65135192871094,5,3,474,0
275,275,0,0,0,6,1.27,0.752677798271179,601.934997558594,92.7294769287109,2,6,475,0
276,276,-0.17,-0.6,-0.35,0,0.37,34.1012802124023,2766.54711914062,115.243728637695,5,4,476,0
277,277,-0.1,-0.62,-0.27,15,4.25,66.1406555175781,1468.25598144531,43.3647346496582,3,4,477,0
278,278,-0.14,-0.7,-0.33,56,6.93,28.2040615081787,2437.19506835938,42.1631546020508,4,1,478,0
279,279,-0.17,-0.8,-0.45,52,7.15,42.0841331481934,2518.20190429688,277.827270507812,5,4,479,0
280,280,0,0,0,52,6.19,16.6090450286865,2397.42407226562,326.153869628906,5,3,480,0
281,281,-0.18,-0.93,-0.48,55,6.28,9.79263687133789,2419.58911132812,92.0671005249023,4,2,481,0
282,282,-0.17,-0.8,-0.45,47,4.53,45.8821716308594,1884.62902832031,82.7938079833984,3,4,482,0
283,283,-0.14,-0.7,-0.33,49,7.38,37.3572959899902,2364.17895507812,152.656433105469,5,3,483,0
284,284,-0.1,-0.62,-0.27,47,9.14,44.8771781921387,2199.80297851562,78.63427734375,4,4,484,0
285,285,-0.19,-0.72,-0.36,48,4.5,9.40636825561523,1824.40502929688,322.055603027344,3,3,485,0
286,286,-0.1,-0.62,-0.27,1,19999.01,1.19174742698669,538.768005371094,327.277404785156,1,2,486,0
287,287,-0.11,-0.65,-0.32,51,5.38,39.4067764282227,2063.05395507812,91.7411193847656,4,4,487,0
288,288,-0.09,-0.56,-0.32,55,6.1,28.5387516021729,2295.8291015625,260.008056640625,4,3,488,0
289,289,-0.01,-1.09,-0.16,13,1.52,11.4910554885864,1076.72705078125,135.742004394531,2,1,489,0
290,290,0,0,0,55,6.1,26.1801795959473,2385.7119140625,187.726715087891,5,3,490,0
291,291,-0.06,-0.77,-0.24,7,1.36,30.2321395874023,513.453002929688,333.298095703125,2,1,491,0
292,292,-0.12,-0.64,-0.25,55,6.84,30.9716777801514,2154.4140625,344.850158691406,3,1,492,0
293,293,0,-1,-0.16,3,1.24,1.01197779178619,528.018005371094,171.855895996094,2,2,493,0
294,294,-0.17,-0.8,-0.45,56,13.31,34.7758178710938,2829.80004882812,86.4421997070312,5,1,494,0
295,295,-0.18,-0.93,-0.48,54,6.76,29.1746711730957,2311.92504882812,117.685607910156,4,3,495,0
296,296,-0.12,-0.64,-0.25,54,5.38,16.5182876586914,2020.88403320312,48.249439239502,3,1,496,0
297,297,-0.23,-0.84,-0.36,32,4.04,34.1363677978516,1425.56103515625,298.64501953125,3,3,497,0
298,298,-0.09,-0.56,-0.32,17,3.66,27.9067783355713,1313.6689453125,38.1978340148926,2,3,498,0
299,299,-0.17,-0.6,-0.35,41,5.98,50.6230850219727,1914.83801269531,105.115280151367,3,4,499,0
300,300,-0.23,-0.84,-0.36,47,6.38,49.6585273742676,2032.30004882812,323.070098876953,3,3,500,0
301,301,-0.06,-0.77,-0.24,36,5.18,28.3278388977051,1836.55004882812,330.397521972656,3,3,501,0
302,302,-0.15,-0.73,-0.39,55,10.4,35.7886657714844,2526.34301757812,24.2693252563477,5,3,502,0
303,303,-0.05,-0.99,-0.2,2,1.03,0.522119998931885,542.202026367188,16.0376358032227,1,2,503,0
304,304,-0.05,-0.99,-0.2,2,1.08,1.1309095621109,544.721008300781,145.327255249023,1,2,504,0
305,305,-0.12,-0.64,-0.25,32,5.61,21.5503177642822,1886.28295898438,50.1349067687988,3,3,505,0
306,306,-0.18,-0.69,-0.4,56,7.81,38.9809608459473,2665.24096679688,213.853057861328,5,4,506,0
307,307,-0.09,-0.56,-0.32,17,2.55,35.040943145752,1280.89599609375,43.1908149719238,3,3,507,0
308,308,-0.06,-0.77,-0.24,3,1.01,48.2674598693848,726.013000488281,346.196014404297,3,3,508,0
309,309,-0.17,-0.8,-0.45,56,9.45,43.8446235656738,2695.80200195312,75.8383636474609,4,3,509,0
310,310,-0.17,-0.6,-0.35,47,7.46,57.2171096801758,1985.123046875,142.916137695312,4,4,510,0
311,311,-0.09,-0.56,-0.32,57,10.26,21.1408939361572,2968.7900390625,52.5097045898438,5,1,511,0
312,312,-0.12,-0.64,-0.25,8,1.31,11.5922441482544,596.976013183594,344.988952636719,2,2,512,0
313,313,-0.17,-0.8,-0.45,54,5.56,33.9735984802246,2338.48291015625,226.504730224609,5,3,513,0
314,314,-0.1,-0.62,-0.27,10,1.41,25.448263168335,1034.31494140625,346.708770751953,3,4,514,0
315,315,-0.14,-0.7,-0.33,56,8.57,24.9230461120605,2663.23095703125,33.372802734375,5,3,515,0
316,316,-0.03,-1.03,-0.17,13,2.21,32.2952842712402,1193.36499023438,151.408081054688,2,3,516,0
317,317,-0.01,-1.09,-0.16,13,1.52,12.6252136230469,1003.97998046875,127.061935424805,3,1,517,0
318,318,-0.06,-0.77,-0.24,32,6.22,33.3824081420898,1659.92199707031,50.7040596008301,3,3,518,0
319,319,-0.06,-0.77,-0.24,21,2.68,29.1734485626221,1256.22998046875,358.524688720703,3,3,519,0
320,320,-0.15,-0.61,-0.29,12,0.59,39.4758834838867,1040.92395019531,322.892333984375,3,4,520,0
321,321,-0.11,-0.65,-0.32,44,4.9,35.2176742553711,2008.21496582031,91.4517211914062,3,1,521,0
322,322,-0.18,-0.93,-0.48,56,9.32,14.0462293624878,2774.4951171875,225.009887695312,5,1,522,0
323,323,-0.09,-0.56,-0.32,52,5.09,26.221134185791,2052.24291992188,1.17160034179688,4,1,523,0
324,324,0,-1,-0.16,6,1.16,36.1206932067871,829.877014160156,9.21614074707031,3,1,524,0
325,325,-0.17,-0.6,-0.35,41,7.82,13.8162145614624,2138.44799804688,114.205047607422,4,3,525,0
326,326,-0.12,-0.64,-0.25,21,3.2,13.9385976791382,1479.58801269531,323.338623046875,3,1,526,0
327,327,-0.18,-0.93,-0.48,54,6.76,20.6958560943604,2274.35498046875,128.960510253906,4,2,527,0
328,328,-0.09,-0.56,-0.32,55,5.67,28.502233505249,2155.07788085938,267.629333496094,4,3,528,0
329,329,-0.17,-0.8,-0.45,55,8.78,30.735595703125,2726.10693359375,184.037841796875,4,3,529,0
330,330,-0.17,-0.6,-0.35,13,1.84,36.5206031799316,1495.07800292969,50.4780044555664,4,3,530,0
331,331,-0.17,-0.6,-0.35,48,5.96,40.2766494750977,1826.77099609375,278.43505859375,3,3,531,0
332,332,-0.12,-0.64,-0.25,46,4.49,30.3244190216064,1899.07104492188,262.080017089844,2,1,532,0
333,333,-0.1,-0.62,-0.27,7,1.57,3.88914012908936,581.661010742188,327.772430419922,2,2,533,0
334,334,-0.19,-0.72,-0.36,42,5.18,21.5779571533203,1746.52905273438,178.474548339844,2,3,534,0
335,335,-0.05,-0.99,-0.2,44,5.86,37.5363845825195,2324.51391601562,129.174438476562,4,3,535,0
336,336,-0.14,-0.73,-0.32,35,5.24,36.0137977600098,1869.23400878906,292.192260742188,3,4,536,0
337,337,-0.18,-0.69,-0.4,47,5.44,31.1558151245117,1967.74499511719,219.634124755859,3,3,537,0
338,338,-0.14,-0.73,-0.32,56,7.16,26.0969219207764,2620.71704101562,159.069610595703,5,3,538,0
339,339,-0.23,-0.84,-0.36,37,3.73,34.1871871948242,1415.31896972656,77.2430877685547,3,1,539,0
340,340,-0.18,-0.93,-0.48,55,11.66,33.8004760742188,2805.2041015625,130.455688476562,5,3,540,0
341,341,-0.19,-0.72,-0.36,33,7.08,38.740119934082,2346.52807617188,238.383651733398,4,3,541,0
342,342,-0.12,-0.87,-0.28,55,6.62,36.5157203674316,2378.56591796875,251.136367797852,4,1,542,0
343,343,-0.05,-0.99,-0.2,7,1.21,1.62745094299316,670.43798828125,140.316558837891,1,1,543,0
344,344,-0.18,-0.69,-0.4,52,9.31,15.7471218109131,2580.14208984375,261.322662353516,5,4,544,0
345,345,-0.06,-0.77,-0.24,29,2.84,15.8495273590088,1461.30102539062,16.7617721557617,3,3,545,0
346,346,-0.14,-0.7,-0.33,52,5.52,34.4901313781738,2318.90087890625,44.989200592041,4,1,546,0
347,347,-0.23,-0.84,-0.36,40,5.74,51.475513458252,1975.23706054688,169.015213012695,4,4,547,0
348,348,-0.17,-0.8,-0.45,56,13.31,28.6756191253662,2864.13110351562,37.7650718688965,5,6,548,0
349,349,-0.19,-0.72,-0.36,55,6.61,38.537956237793,2500.97509765625,75.1619110107422,4,3,549,0
350,350,-0.15,-0.73,-0.39,57,8.35,13.9411125183105,2662.17797851562,115.002426147461,5,3,550,0
351,351,-0.14,-0.73,-0.32,44,5.09,28.8462600708008,1859.82495117188,168.611633300781,4,3,551,0
352,352,-0.11,-0.65,-0.32,30,3.32,18.9478855133057,1667.748046875,118.674682617188,3,1,552,0
353,353,-0.14,-0.73,-0.32,38,5.35,39.2005004882812,2214.28198242188,265.007049560547,3,4,553,0
354,354,-0.06,-0.77,-0.24,9,1.83,18.7505741119385,908.486022949219,325.197021484375,4,1,554,0
355,355,-0.05,-0.99,-0.2,6,1.2,12.1985864639282,596.97802734375,131.016250610352,1,2,555,0
356,356,-0.15,-0.61,-0.29,51,6.22,33.4305725097656,1869.0439453125,65.6150131225586,4,3,556,0
357,357,-0.12,-0.64,-0.25,31,4.37,28.7830047607422,1557.14794921875,34.4324645996094,3,1,557,0
358,358,-0.17,-0.8,-0.45,56,13.31,65.8709945678711,3070.44311523438,125.614151000977,5,4,558,0
359,359,-0.14,-0.73,-0.32,21,2.58,34.2789573669434,1476.1240234375,291.458923339844,3,3,559,0
360,360,-0.01,-1.09,-0.16,1,1.27,1.16561055183411,527.697021484375,227.4921875,2,2,560,0
361,361,-0.15,-0.73,-0.39,52,12.65,24.8191432952881,3297.26489257812,133.470626831055,5,4,561,0
362,362,-0.12,-0.79,-0.47,55,7.14,34.5585594177246,2513.63891601562,272.422515869141,5,1,562,0
363,363,-0.18,-0.69,-0.4,57,7.26,56.4997024536133,2466.837890625,6.28984069824219,5,4,563,0
364,364,-0.14,-0.73,-0.32,8,1.16,3.36867475509644,710.257019042969,162.640655517578,2,1,564,0
365,365,-0.12,-0.79,-0.47,52,6.96,40.140811920166,2521.45190429688,278.906005859375,5,4,565,0
366,366,-0.12,-0.64,-0.25,5,1.3,5.73989963531494,643.945983886719,10.7521591186523,2,3,566,0
367,367,-0.17,-0.8,-0.45,57,10.36,29.8646430969238,2844.90893554688,65.6361846923828,5,3,567,0
368,368,-0.19,-0.72,-0.36,20,2.41,34.2753410339355,1210.89099121094,284.008850097656,2,1,568,0
369,369,-0.17,-0.6,-0.35,14,1.37,25.6879005432129,1049.416015625,333.868988037109,3,1,569,0
370,370,-0.19,-0.72,-0.36,37,5.47,16.9321022033691,1787.93005371094,297.245727539062,3,4,570,0
371,371,-0.11,-0.65,-0.32,50,4.97,32.2177124023438,2025.51599121094,267.001953125,3,1,571,0
372,372,-0.15,-0.73,-0.39,57,10.37,54.070182800293,3049.93994140625,58.9719200134277,5,3,572,0
373,373,-0.12,-0.64,-0.25,54,5.18,46.6292610168457,2103.05395507812,327.632171630859,3,3,573,0
374,374,-0.01,-1.09,-0.16,6,1.03,24.6689624786377,858.213012695312,197.492889404297,4,1,574,0
375,375,-0.18,-0.93,-0.48,56,6.43,9.1281909942627,2501.99194335938,341.874755859375,4,3,575,0
376,376,-0.11,-0.65,-0.32,36,4.2,27.5811939239502,1714.60998535156,243.367584228516,2,1,576,0
377,377,-0.12,-0.79,-0.47,49,4.47,32.7176055908203,2009.18994140625,276.143920898438,4,1,577,0
378,378,-0.01,-1.09,-0.16,6,1.13,33.3461418151855,756.85302734375,155.356811523438,4,1,578,0
379,379,-0.01,-1.09,-0.16,11,1.23,24.5596408843994,1147.21496582031,243.292922973633,2,1,579,0
380,380,-0.1,-0.62,-0.27,15,4.25,41.9626007080078,1554.66394042969,318.263122558594,3,4,580,0
381,381,-0.17,-0.8,-0.45,54,7.73,66.452766418457,2761.53295898438,163.755889892578,5,4,581,0
382,382,-0.12,-0.64,-0.25,40,4.85,29.4501247406006,1668.30297851562,320.390319824219,1,1,582,0
383,383,-0.12,-0.64,-0.25,53,4.65,11.9824371337891,1974.32800292969,301.020263671875,4,1,583,0
384,384,-0.14,-0.7,-0.33,52,5.52,11.817608833313,2248.90991210938,110.258697509766,4,3,584,0
385,385,-0.18,-0.93,-0.48,54,5.62,12.1897764205933,2375.56689453125,26.0799980163574,4,1,585,0
386,386,-0.12,-0.64,-0.25,35,4.45,65.2139663696289,1523.36303710938,235.983215332031,3,4,586,0
387,387,0,-1,-0.16,2,1.34,3.05660319328308,533.570007324219,321.636779785156,2,2,587,0
388,388,-0.11,-0.65,-0.32,55,7.37,31.6792087554932,2420.19702148438,103.265182495117,4,3,588,0
389,389,-0.01,-1.09,-0.16,6,1.16,12.1755332946777,675.296020507812,142.531219482422,2,1,589,0
390,390,-0.12,-0.64,-0.25,27,4.2,22.6660766601562,1642.28796386719,323.764831542969,3,3,590,0
391,391,-0.09,-0.56,-0.32,17,2.66,39.0280838012695,1412.69897460938,304.951904296875,4,3,591,0
392,392,-0.18,-0.93,-0.48,54,6.76,15.9744815826416,2228.1630859375,13.11181640625,4,1,592,0
393,393,0,0,0,8,1.21,8.68435287475586,719.265014648438,183.281433105469,2,1,593,0
394,394,-0.03,-1.03,-0.17,4,1.12,26.7383975982666,800.026977539062,175.739318847656,2,1,594,0
395,395,-0.06,-0.77,-0.24,3,1.44,28.9298877716064,697.973999023438,340.378540039062,3,3,595,0
396,396,-0.05,-0.99,-0.2,6,1.18,18.0614452362061,806.466003417969,164.540313720703,2,2,596,0
397,397,-0.18,-0.93,-0.48,54,6.47,5.46127319335938,2420.02807617188,172.480285644531,4,1,597,0
398,398,-0.11,-0.65,-0.32,16,2.07,43.7233276367188,1470.92102050781,65.27734375,4,1,598,0
399,399,-0.12,-0.87,-0.28,10,1.56,25.8242282867432,763.346008300781,335.751007080078,2,1,599,0
400,400,-0.18,-0.93,-0.48,56,8.24,3.48381519317627,2575.93090820312,340.802124023438,4,6,600,0
401,401,-0.1,-0.8,-0.23,5,1.08,22.6000671386719,741.867980957031,20.9390411376953,3,2,1,1
402,402,-0.09,-1.05,-0.23,4,0.05,26.055513381958,645.651000976562,140.080642700195,4,3,2,1
403,403,-0.03,-1.03,-0.17,4,1.17,5.78602504730225,678.736022949219,182.123016357422,4,4,3,1
404,404,-0.09,-1.05,-0.23,27,3.26,14.6480083465576,1452.57104492188,184.245300292969,2,3,4,1
405,405,-0.09,-1.05,-0.23,26,3.05,9.08927822113037,1519.29602050781,233.571655273438,2,2,5,1
406,406,-0.09,-1.05,-0.23,32,3.49,8.39883041381836,1515.64697265625,136.716934204102,2,2,6,1
407,407,-0.2,-0.75,-0.46,34,4.15,28.0537815093994,1471.18701171875,275.316223144531,1,1,7,1
408,408,-0.2,-0.75,-0.46,25,3.5,21.4939937591553,1396.15698242188,232.221588134766,4,1,8,1
409,409,-0.16,-0.94,-0.31,8,1.3,37.308406829834,767.989013671875,64.4431838989258,2,1,9,1
410,410,-0.04,-1.08,-0.19,7,1.27,37.9507904052734,642.325988769531,105.23908996582,3,1,10,1
411,411,-0.18,-0.92,-0.33,42,4.62,40.1195297241211,1829.14294433594,136.910720825195,4,3,11,1
412,412,-0.15,-0.59,-0.38,41,4.96,6.21364974975586,1803.73303222656,217.05940246582,2,1,12,1
413,413,-0.15,-0.59,-0.38,41,4.96,29.4059810638428,1798.88195800781,218.066268920898,2,1,13,1
414,414,-0.16,-0.94,-0.31,18,2.13,31.6657810211182,1089.67395019531,182.438812255859,2,1,14,1
415,415,-0.09,-1.05,-0.23,3,1.08,15.1400489807129,504.694000244141,186.630828857422,2,2,15,1
416,416,-0.1,-0.8,-0.23,5,0.29,34.7890396118164,886.359008789062,45.2180099487305,2,1,16,1
417,417,-0.1,-0.8,-0.23,5,0.29,29.8942451477051,886.257995605469,75.5905075073242,4,1,17,1
418,418,-0.16,-0.94,-0.31,32,3.89,50.4140167236328,1557.43701171875,50.0311584472656,3,3,18,1
419,419,-0.18,-0.92,-0.33,19,3.08,35.2546348571777,1445.373046875,85.1806869506836,3,4,19,1
420,420,-0.16,-0.94,-0.31,20,2.38,37.6818771362305,930.169982910156,115.549575805664,3,3,20,1
421,421,-0.1,-0.8,-0.23,3,1.06,45.3373718261719,569.77001953125,352.761596679688,3,3,21,1
422,422,-0.1,-0.8,-0.23,6,1.55,11.3958692550659,628.658996582031,7.12770843505859,3,3,22,1
423,423,-0.09,-1.05,-0.23,2,1.12,37.2306098937988,478.861999511719,8.94271850585938,2,2,23,1
424,424,-0.1,-0.8,-0.23,2,1.12,37.2999382019043,492.674011230469,356.849182128906,1,2,24,1
425,425,-0.1,-0.8,-0.23,6,1.51,48.7645492553711,649.344970703125,323.958374023438,3,3,25,1
426,426,-0.09,-1.05,-0.23,3,1.22,30.4172210693359,500.980010986328,148.849548339844,4,3,26,1
427,427,-0.1,-0.8,-0.23,2,1.12,9.53475379943848,591.543029785156,4.26696014404297,2,2,27,1
428,428,-0.09,-1.05,-0.23,0,1.22,50.022331237793,491.601013183594,173.500549316406,2,1,28,1
429,429,-0.09,-1.05,-0.23,1,1.24,31.3987903594971,472.432006835938,140.817520141602,2,1,29,1
430,430,-0.09,-1.05,-0.23,1,1.24,34.1879425048828,492.240997314453,160.263763427734,4,1,30,1
431,431,-0.09,-1.05,-0.23,1,1.24,41.8346481323242,476.462005615234,145.754638671875,2,1,31,1
432,432,-0.09,-1.05,-0.23,1,1.24,44.6604118347168,477.641998291016,167.396728515625,2,1,32,1
433,433,-0.1,-0.8,-0.23,3,1.06,5.89108800888062,540.190002441406,340.905883789062,2,2,33,1
434,434,-0.09,-1.05,-0.23,3,1.08,54.6988487243652,499.765991210938,194.66340637207,2,2,34,1
435,435,-0.09,-1.05,-0.23,3,1.08,46.977222442627,483.255004882812,165.266357421875,2,3,35,1
436,436,-0.09,-0.86,-0.23,7,2.14,29.4236927032471,929.556030273438,241.478363037109,3,1,36,1
437,437,-0.19,-0.91,-0.46,40,4.87,9.71387195587158,1675.27294921875,96.7158050537109,3,3,37,1
438,438,-0.03,-1.03,-0.17,2,1.13,25.0103855133057,667.106018066406,190.889846801758,2,1,38,1
439,439,-0.03,-1.03,-0.17,2,1.13,22.4882793426514,750.47802734375,122.920989990234,2,1,39,1
440,440,-0.03,-1.03,-0.17,4,1.2,18.2654609680176,636.060974121094,171.288482666016,2,3,40,1
441,441,-0.03,-1.03,-0.17,4,1.2,20.0717582702637,547.388000488281,132.503692626953,2,3,41,1
442,442,-0.03,-1.03,-0.17,4,1.2,22.6448822021484,584.575988769531,183.779220581055,2,3,42,1
443,443,-0.09,-0.76,-0.26,1,0.13,15.4498472213745,511.759002685547,73.0376205444336,3,1,43,1
444,444,-0.1,-0.8,-0.23,7,1.46,40.6780815124512,770.138000488281,353.779541015625,3,3,44,1
445,445,-0.16,-0.82,-0.41,49,6.03,27.4345188140869,2119.72290039062,341.383972167969,3,3,45,1
446,446,-0.03,-1.03,-0.17,4,1.2,24.2717533111572,603.195007324219,216.091232299805,2,3,46,1
447,447,-0.1,-0.8,-0.23,6,1.01,39.0021057128906,552.190979003906,28.4357299804688,1,1,47,1
448,448,-0.09,-0.86,-0.23,25,2.19,39.0745048522949,1316.55798339844,212.494812011719,4,4,48,1
449,449,-0.09,-0.86,-0.23,7,2.14,45.9255027770996,873.330993652344,194.616027832031,2,1,49,1
450,450,-0.09,-0.86,-0.23,7,2.14,22.1293430328369,915.6669921875,170.444366455078,2,1,50,1
451,451,-0.09,-1.05,-0.23,27,3.26,38.5610466003418,1549.59594726562,129.016403198242,5,3,51,1
452,452,-0.09,-0.86,-0.23,7,1.79,50.9701919555664,844.179992675781,229.7265625,3,1,52,1
453,453,-0.18,-0.92,-0.33,39,4.81,23.9329566955566,1755.38598632812,268.869262695312,3,3,53,1
454,454,-0.16,-0.82,-0.41,49,6.53,36.992748260498,1999.38793945312,58.4308166503906,3,3,54,1
455,455,-0.04,-1.08,-0.19,7,1.27,40.2267723083496,652.068969726562,257.627685546875,3,1,55,1
456,456,-0.17,-0.85,-0.36,50,5.25,22.7845115661621,1953.11499023438,179.479644775391,4,1,56,1
457,457,-0.09,-0.86,-0.23,25,2.19,28.9157333374023,1339.30505371094,218.5693359375,4,1,57,1
458,458,-0.09,-1.05,-0.23,26,3.04,35.2717323303223,1534.86596679688,124.108993530273,4,3,58,1
459,459,-0.03,-1.03,-0.17,26,2.86,18.3529624938965,1357.89794921875,167.930267333984,2,3,59,1
460,460,-0.03,-1.03,-0.17,18,2.25,44.9300117492676,1120.73999023438,162.082763671875,3,3,60,1
461,461,-0.03,-1.03,-0.17,3,1.14,22.0382690429688,791.281982421875,240.188949584961,2,4,61,1
462,462,-0.09,-1.05,-0.23,29,4,17.6347522735596,1651.53796386719,165.7783203125,5,3,62,1
463,463,-0.19,-0.91,-0.46,49,4.87,39.3357200622559,1851.09094238281,266.633544921875,2,3,63,1
464,464,-0.16,-0.82,-0.41,30,4.11,38.2502937316895,1376.81799316406,132.427062988281,2,4,64,1
465,465,-0.16,-0.94,-0.31,15,1.61,26.7144870758057,998.315002441406,35.8838157653809,2,3,65,1
466,466,-0.18,-0.92,-0.33,42,4.62,43.4263801574707,1819.67700195312,122.537216186523,3,3,66,1
467,467,-0.09,-0.86,-0.23,17,2.35,21.1122856140137,1078.4560546875,155.920715332031,3,3,67,1
468,468,-0.04,-1.08,-0.19,14,1.46,37.4412574768066,775.60302734375,176.676574707031,3,1,68,1
469,469,-0.17,-0.85,-0.36,37,5.75,39.9068069458008,1742.58203125,166.119934082031,3,3,69,1
470,470,-0.04,-1.08,-0.19,7,1.27,39.2180709838867,638.052001953125,275.845092773438,3,1,70,1
471,471,-0.1,-0.8,-0.23,7,1.74,41.2514114379883,819.632995605469,342.750762939453,3,1,71,1
472,472,-0.18,-0.92,-0.33,37,4.73,19.8248043060303,1655.59899902344,209.377304077148,2,3,72,1
473,473,-0.1,-0.8,-0.23,11,2.06,44.8878746032715,1197.17700195312,42.3092308044434,3,3,73,1
474,474,-0.18,-0.69,-0.35,43,4.31,9.36803531646729,1808.30200195312,319.914886474609,4,1,74,1
475,475,-0.09,-1.05,-0.23,2,1.12,38.3856544494629,487.992004394531,18.063606262207,2,2,75,1
476,476,-0.15,-0.59,-0.38,43,5.47,32.8810234069824,1977.65795898438,174.788665771484,2,1,76,1
477,477,-0.15,-0.59,-0.38,46,6.21,12.3375558853149,2022.00695800781,177.680953979492,2,1,77,1
478,478,-0.15,-0.59,-0.38,50,6.36,33.3106575012207,2001.0830078125,165.737243652344,2,1,78,1
479,479,-0.15,-0.59,-0.38,55,6.63,32.711296081543,2455.8369140625,248.176345825195,4,3,79,1
480,480,-0.15,-0.59,-0.38,55,6.63,18.7332592010498,2506.84594726562,216.001586914062,4,4,80,1
481,481,-0.09,-1.05,-0.23,4,1.01,64.518928527832,612.206970214844,146.561614990234,4,3,81,1
482,482,-0.09,-1.05,-0.23,0,1.24,25.0495662689209,546.539001464844,152.958084106445,3,1,82,1
483,483,-0.09,-1.05,-0.23,2,1.19,47.3648872375488,616.502990722656,192.191619873047,4,3,83,1
484,484,-0.1,-0.8,-0.23,9,1.32,36.7384300231934,904.844970703125,282.722045898438,3,3,84,1
485,485,-0.09,-1.05,-0.23,0,1.24,33.2482872009277,529.851989746094,160.217529296875,3,1,85,1
486,486,-0.15,-0.59,-0.38,54,6.71,42.567024230957,2393.99291992188,202.357147216797,4,3,86,1
487,487,-0.18,-0.69,-0.35,46,5.76,54.796875,2058.94799804688,279.78515625,3,4,87,1
488,488,-0.09,-1.05,-0.23,3,1.32,13.9872713088989,774.942993164062,174.963821411133,2,3,88,1
489,489,-0.09,-1.05,-0.23,3,1.16,29.3931350708008,754.057006835938,214.631942749023,2,3,89,1
490,490,-0.09,-0.86,-0.23,4,1.17,40.5061912536621,701.564025878906,250.822967529297,3,3,90,1
491,491,-0.16,-0.94,-0.31,18,2.13,38.1366119384766,1083.56604003906,149.795181274414,2,1,91,1
492,492,-0.18,-0.92,-0.33,30,2.82,39.5388069152832,1463.11901855469,156.482940673828,4,3,92,1
493,493,-0.21,-1.44,-0.69,0,0,70.9895782470703,3918.40087890625,164.641326904297,0,0,93,1
494,494,-0.2,-0.75,-0.46,38,3.83,12.3753776550293,1563.60095214844,238.085006713867,2,1,94,1
495,495,-0.2,-0.75,-0.46,25,3.5,4.63013744354248,1481.626953125,231.886428833008,1,1,95,1
496,496,-0.25,-0.67,-0.45,39,7.15,10.4810819625854,1835.43701171875,276.602172851562,3,1,96,1
497,497,-0.09,-1.05,-0.23,26,3.04,27.3539295196533,1510.51098632812,140.274917602539,4,3,97,1
498,498,-0.1,-0.8,-0.23,7,1.74,33.4529609680176,675.010009765625,3.52078247070312,3,1,98,1
499,499,-0.09,-1.05,-0.23,2,1.12,37.1681480407715,494.820007324219,21.5669326782227,2,2,99,1
500,500,-0.14,-0.64,-0.39,42,6.1,7.45089673995972,1996.08801269531,30.1130409240723,4,1,100,1
501,501,-0.03,-1.03,-0.17,4,1.19,34.0296478271484,590.984008789062,148.7822265625,2,3,101,1
502,502,-0.09,-0.56,-0.32,3,0.67,28.9606628417969,584.328002929688,74.6758804321289,2,1,102,1
503,503,-0.19,-0.72,-0.36,48,4.14,5.86507749557495,1937.04296875,129.962493896484,4,3,103,1
504,504,-0.14,-0.73,-0.32,8,1.16,27.301420211792,730.760009765625,177.292449951172,4,1,104,1
505,505,-0.11,-0.65,-0.32,36,4.4,41.9229278564453,1642.92504882812,112.853675842285,4,1,105,1
506,506,-0.14,-0.73,-0.32,12,1.42,17.2839660644531,1184.85998535156,146.464233398438,2,3,106,1
507,507,-0.12,-0.87,-0.28,20,2.97,40.4337997436523,1343.43798828125,299.903686523438,3,1,107,1
508,508,-0.12,-0.87,-0.28,30,4.53,33.9910316467285,1548.03796386719,36.2527236938477,3,3,108,1
509,509,-0.03,-1.03,-0.17,9,1.22,31.2433433532715,1046.97900390625,206.245391845703,2,1,109,1
510,510,-0.11,-0.65,-0.32,12,1.45,40.3263092041016,1060.22204589844,76.0257034301758,4,3,110,1
511,511,-0.12,-0.87,-0.28,16,2.64,32.1969680786133,1202.80603027344,296.331573486328,3,3,111,1
512,512,-0.06,-0.77,-0.24,6,1.19,36.962345123291,602.611022949219,187.779663085938,2,2,112,1
513,513,0,-1,-0.16,5,1.17,40.7128448486328,661.273010253906,101.113075256348,2,1,113,1
514,514,-0.1,-0.62,-0.27,9,0.57,12.7062673568726,856.935974121094,342.254150390625,2,1,114,1
515,515,-0.1,-0.62,-0.27,10,0.38,35.8832855224609,914.752014160156,294.530364990234,2,1,115,1
516,516,0,-1,-0.16,12,0.47,14.8477191925049,891.155029296875,22.454216003418,2,1,116,1
517,517,0,-1,-0.16,5,1.17,31.8924121856689,667.861999511719,353.369384765625,2,1,117,1
518,518,-0.15,-0.61,-0.29,6,0.82,31.9290142059326,1087.93005371094,315.40673828125,3,3,118,1
519,519,-0.06,-0.77,-0.24,19,1.78,32.9381103515625,1121.38903808594,282.763000488281,3,3,119,1
520,520,-0.06,-0.77,-0.24,3,0.62,34.4585266113281,844.939025878906,353.094787597656,3,3,120,1
521,521,-0.15,-0.61,-0.29,6,0.82,43.5160751342773,951.60400390625,275.574829101562,3,4,121,1
522,522,-0.15,-0.61,-0.29,19,1.91,39.6231575012207,1299.90295410156,302.920989990234,3,3,122,1
523,523,-0.17,-0.8,-0.45,41,4.92,23.6133556365967,1648.55395507812,311.728881835938,3,4,123,1
524,524,-0.23,-0.84,-0.36,19,2.71,56.6140670776367,1305.44299316406,88.4649200439453,3,4,124,1
525,525,-0.23,-0.84,-0.36,21,2.48,27.0664329528809,1036.2900390625,291.453186035156,3,1,125,1
526,526,-0.15,-0.61,-0.29,3,0.62,39.0067024230957,851.960021972656,93.8486785888672,4,4,126,1
527,527,-0.15,-0.61,-0.29,12,0.59,42.0938568115234,986.031982421875,83.125862121582,4,4,127,1
528,528,-0.06,-0.77,-0.24,3,1.01,45.6937065124512,1063.83703613281,340.062377929688,3,3,128,1
529,529,-0.06,-0.77,-0.24,26,2.05,7.80705785751343,1147.27697753906,127.966705322266,2,4,129,1
530,530,-0.06,-0.77,-0.24,24,2.91,38.4578742980957,1165.02795410156,324.609222412109,3,3,130,1
531,531,-0.06,-0.77,-0.24,23,2.29,6.9453125,1238.99499511719,51.6629943847656,4,3,131,1
532,532,-0.06,-0.77,-0.24,23,2.29,8.32142162322998,1245.7919921875,24.1639709472656,4,3,132,1
533,533,-0.06,-0.77,-0.24,27,2.8,27.9349842071533,1269.90002441406,7.03790283203125,4,3,133,1
534,534,-0.17,-0.8,-0.45,41,4.92,40.3371849060059,1631.74194335938,44.5268058776855,3,3,134,1
535,535,-0.23,-0.84,-0.36,42,5.93,20.4697513580322,1593.36999511719,282.963714599609,3,1,135,1
536,536,-0.23,-0.84,-0.36,27,3.21,43.1948318481445,1249.19604492188,101.130233764648,3,3,136,1
537,537,-0.23,-0.84,-0.36,19,2.71,32.9196166992188,1267.68994140625,42.8912010192871,3,3,137,1
538,538,-0.23,-0.84,-0.36,32,4.04,11.846791267395,1450.4599609375,273.595031738281,3,3,138,1
539,539,-0.23,-0.84,-0.36,32,4.04,39.0647850036621,1388.02001953125,272.956970214844,3,3,139,1
540,540,-0.23,-0.84,-0.36,32,4.04,27.7047367095947,1211.26196289062,343.118347167969,3,1,140,1
541,541,-0.23,-0.84,-0.36,32,4.04,13.3677778244019,1229.38793945312,306.656524658203,3,1,141,1
542,542,-0.23,-0.84,-0.36,32,4.04,27.1150703430176,1248.7919921875,227.076950073242,3,3,142,1
543,543,-0.23,-0.84,-0.36,19,2.71,62.913200378418,1313.75805664062,82.5441131591797,3,4,143,1
544,544,-0.23,-0.84,-0.36,19,2.71,34.8719635009766,1192.64294433594,86.4649810791016,3,3,144,1
545,545,-0.23,-0.84,-0.36,32,4.04,16.2065925598145,1207.05297851562,269.139709472656,3,3,145,1
546,546,-0.23,-0.84,-0.36,28,3.59,56.1025047302246,1166.42199707031,73.9088821411133,3,3,146,1
547,547,-0.23,-0.84,-0.36,28,3.59,50.7026481628418,1182.69396972656,89.5120162963867,3,1,147,1
548,548,-0.23,-0.84,-0.36,24,4.2,33.9793663024902,1513.38098144531,247.594467163086,3,3,148,1
549,549,-0.23,-0.84,-0.36,23,3.46,26.1927471160889,1210.38793945312,320.467498779297,3,3,149,1
550,550,-0.15,-0.61,-0.29,12,0.59,32.3165740966797,960.9580078125,109.507957458496,3,1,150,1
551,551,-0.15,-0.61,-0.29,12,0.59,42.5677299499512,958.995971679688,67.9380645751953,3,1,151,1
552,552,-0.15,-0.61,-0.29,12,0.59,30.9321041107178,870.879028320312,93.5270080566406,3,3,152,1
553,553,-0.15,-0.61,-0.29,6,0.82,46.9072647094727,919.736999511719,229.116149902344,3,3,153,1
554,554,-0.15,-0.61,-0.29,6,0.82,24.4950923919678,990.328002929688,270.391448974609,3,3,154,1
555,555,-0.15,-0.61,-0.29,6,0.82,44.4760437011719,852.340026855469,304.994567871094,3,3,155,1
556,556,-0.15,-0.61,-0.29,6,0.82,38.4448928833008,972.356018066406,313.915191650391,3,4,156,1
557,557,-0.06,-0.77,-0.24,6,0.63,35.3066329956055,888.135986328125,49.2960090637207,3,1,157,1
558,558,-0.06,-0.77,-0.24,6,0.63,35.7214698791504,821.3330078125,64.904670715332,3,3,158,1
559,559,-0.15,-0.61,-0.29,5,0.39,36.8279724121094,744.89599609375,34.1139106750488,3,4,159,1
560,560,-0.15,-0.61,-0.29,5,0.39,37.656322479248,783.948974609375,42.0442237854004,3,1,160,1
561,561,-0.15,-0.61,-0.29,5,0.39,30.8539810180664,768.708984375,27.6083183288574,3,1,161,1
562,562,-0.23,-0.84,-0.36,28,3.59,28.6518840789795,1104.81701660156,26.6251564025879,3,3,162,1
563,563,-0.15,-0.61,-0.29,5,0.39,8.87380123138428,804.325988769531,49.8760986328125,3,1,163,1
564,564,-0.15,-0.61,-0.29,12,0.59,37.2978363037109,901.682006835938,51.6640853881836,4,1,164,1
565,565,-0.03,-1.03,-0.17,9,1.22,31.8205833435059,1043.26000976562,145.175109863281,4,1,165,1
566,566,-0.11,-0.65,-0.32,36,4.2,37.2806396484375,1622.67395019531,269.905822753906,2,3,166,1
567,567,-0.03,-1.03,-0.17,4,1.19,23.0534782409668,580.864990234375,148.084991455078,2,1,167,1
568,568,-0.03,-1.03,-0.17,4,1.19,30.4120807647705,620.922973632812,172.905838012695,2,1,168,1
569,569,-0.03,-1.03,-0.17,4,1.19,26.4648876190186,612.422973632812,189.756805419922,2,1,169,1
570,570,-0.03,-1.03,-0.17,4,1.19,24.3826370239258,555.346008300781,151.774230957031,2,1,170,1
571,571,-0.03,-1.03,-0.17,4,1.12,20.9806461334229,778.219970703125,147.241348266602,2,1,171,1
572,572,-0.03,-1.03,-0.17,5,1.17,24.1139583587646,697.465026855469,172.458786010742,2,1,172,1
573,573,-0.03,-1.03,-0.17,5,1.17,35.1054458618164,674.474975585938,203.305725097656,2,1,173,1
574,574,-0.03,-1.03,-0.17,5,1.15,10.6055545806885,738.218994140625,176.365127563477,2,1,174,1
575,575,-0.03,-1.03,-0.17,5,1.15,19.3806381225586,744.586975097656,188.490707397461,2,1,175,1
576,576,-0.03,-1.03,-0.17,4,0.97,31.4224319458008,689.2080078125,214.176651000977,3,3,176,1
577,577,-0.03,-1.03,-0.17,5,1.17,25.0702419281006,645.419982910156,170.854431152344,3,1,177,1
578,578,-0.03,-1.03,-0.17,9,1.22,27.4951572418213,1010.96197509766,182.478393554688,4,3,178,1
579,579,-0.03,-1.03,-0.17,9,1.22,23.4676837921143,1017.15100097656,131.0283203125,4,3,179,1
580,580,-0.03,-1.03,-0.17,9,1.22,15.0031900405884,1053.90905761719,100.212066650391,4,3,180,1
581,581,-0.03,-1.03,-0.17,10,1.27,22.0989265441895,1109.33605957031,127.850051879883,4,1,181,1
582,582,-0.03,-1.03,-0.17,10,1.27,28.5911674499512,1098.93701171875,144.70100402832,4,3,182,1
583,583,-0.03,-1.03,-0.17,10,1.27,19.0195446014404,1093.30700683594,156.035461425781,4,3,183,1
584,584,-0.03,-1.03,-0.17,5,1.15,42.8206024169922,1008.11602783203,161.559387207031,4,3,184,1
585,585,-0.03,-1.03,-0.17,5,1.15,41.4288177490234,927.559997558594,123.385635375977,4,3,185,1
586,586,-0.03,-1.03,-0.17,5,1.15,39.3627548217773,753.867980957031,173.437835693359,4,3,186,1
587,587,-0.03,-1.03,-0.17,8,1.2,4.6840672492981,1005.24499511719,158.523529052734,2,1,187,1
588,588,-0.03,-1.03,-0.17,8,1.2,37.9700736999512,845.315002441406,173.609588623047,3,1,188,1
589,589,-0.03,-1.03,-0.17,6,1.16,26.5695972442627,815.109985351562,156.351501464844,3,3,189,1
590,590,-0.03,-1.03,-0.17,21,2.27,38.6403923034668,1379.63098144531,176.640869140625,3,3,190,1
591,591,-0.19,-0.72,-0.36,16,2.04,29.2802333831787,1129.958984375,20.487434387207,2,3,191,1
592,592,-0.19,-0.72,-0.36,34,3.59,24.5303211212158,1594.72595214844,177.643081665039,4,1,192,1
593,593,-0.19,-0.72,-0.36,32,3.61,29.552173614502,1548.64599609375,95.5040740966797,4,3,193,1
594,594,-0.03,-1.03,-0.17,5,1.19,27.9236087799072,746.921997070312,145.279602050781,3,3,194,1
595,595,-0.03,-1.03,-0.17,4,1.15,19.7627048492432,724.541015625,104.714950561523,2,1,195,1
596,596,-0.03,-1.03,-0.17,2,19999.19,3.41136145591736,495.282012939453,150.478866577148,2,3,196,1
597,597,-0.1,-0.62,-0.27,5,1.17,14.5853710174561,579.525024414062,337.993957519531,2,1,197,1
598,598,-0.1,-0.62,-0.27,22,3.93,39.0885391235352,1523.66296386719,53.5287322998047,3,3,198,1
599,599,-0.1,-0.62,-0.27,9,1.99,19.1531867980957,604.578002929688,23.21875,3,1,199,1
600,600,-0.14,-0.7,-0.33,40,5.54,35.6672019958496,1822.07104492188,124.270500183105,3,3,200,1
601,601,-0.14,-0.7,-0.33,41,5.38,38.236499786377,1925.67700195312,103.859710693359,3,1,201,1
602,602,-0.14,-0.7,-0.33,51,4.81,33.508674621582,2053.45092773438,128.310882568359,3,3,202,1
603,603,-0.05,-0.99,-0.2,5,1.24,31.6133804321289,1062.35595703125,175.57275390625,4,1,203,1
604,604,-0.14,-0.73,-0.32,30,3.7,15.1885976791382,1592.60900878906,140.052597045898,4,3,204,1
605,605,-0.11,-0.65,-0.32,9,1.49,39.1874618530273,1048.83996582031,129.46174621582,4,4,205,1
606,606,-0.17,-0.6,-0.35,15,3.32,34.1823844909668,1104.14599609375,256.373382568359,3,3,206,1
607,607,-0.17,-0.6,-0.35,20,2.96,37.7499122619629,1342.90795898438,298.268005371094,3,3,207,1
608,608,-0.06,-0.77,-0.24,5,1.23,35.7684860229492,687.481994628906,18.5604400634766,3,3,208,1
609,609,-0.06,-0.77,-0.24,6,1.2,43.5246543884277,744.018005371094,333.839172363281,3,3,209,1
610,610,-0.06,-0.77,-0.24,8,0.68,29.8037567138672,857.163024902344,327.456359863281,3,3,210,1
611,611,-0.12,-0.87,-0.28,11,1.63,21.2233066558838,732.630004882812,336.073608398438,3,2,211,1
612,612,-0.05,-0.99,-0.2,12,1.47,50.1393356323242,1170.22802734375,222.758239746094,4,1,212,1
613,613,-0.19,-0.72,-0.36,26,3.28,35.4791946411133,1309.19897460938,335.107147216797,3,1,213,1
614,614,-0.19,-0.72,-0.36,34,3.59,27.1923961639404,1598.248046875,87.1399765014648,2,3,214,1
615,615,-0.19,-0.72,-0.36,29,3.37,41.3735427856445,1465.57397460938,320.468688964844,3,3,215,1
616,616,0,-1,-0.16,4,1.37,35.2849273681641,595.083984375,342.524597167969,3,1,216,1
617,617,-0.05,-0.99,-0.2,5,1.19,20.1886177062988,766.023986816406,131.003860473633,2,1,217,1
618,618,-0.05,-0.99,-0.2,4,1.2,27.5320224761963,805.429016113281,123.053253173828,2,2,218,1
619,619,-0.01,-1.09,-0.16,4,1.26,8.91970825195312,590.085998535156,185.483901977539,2,1,219,1
620,620,-0.11,-0.65,-0.32,17,2.21,13.6862525939941,1390.80895996094,131.667526245117,2,3,220,1
621,621,-0.03,-1.03,-0.17,21,2.74,34.660400390625,1557.92700195312,190.253509521484,3,4,221,1
622,622,0,0,0,9,1.27,15.5794134140015,898.401977539062,268.714294433594,0,3,222,1
623,623,0,0,0,22,2.7,32.661506652832,1250.38000488281,209.237396240234,2,1,223,1
624,624,-0.05,-0.99,-0.2,18,1.83,21.3171253204346,1275.86999511719,289.655029296875,3,4,224,1
625,625,0,0,0,27,4.2,14.2863607406616,1290.85595703125,227.185424804688,3,3,225,1
626,626,0,0,0,15,1.74,20.8164310455322,1185.76293945312,136.466796875,2,1,226,1
627,627,-0.05,-0.99,-0.2,4,1.22,19.9264678955078,1061.74304199219,109.437088012695,3,3,227,1
628,628,-0.05,-0.99,-0.2,4,1.2,35.1695899963379,778.6669921875,127.286041259766,2,1,228,1
629,629,-0.05,-0.99,-0.2,7,1.17,14.5085983276367,751.130004882812,180.831100463867,2,1,229,1
630,630,-0.05,-0.99,-0.2,7,1.25,48.2148971557617,576.481994628906,160.046722412109,2,3,230,1
631,631,-0.05,-0.99,-0.2,5,1.24,36.9648895263672,1012.64697265625,161.656158447266,4,1,231,1
632,632,-0.06,-0.77,-0.24,7,1.36,44.5097236633301,548.265014648438,341.540863037109,3,3,232,1
633,633,-0.14,-0.73,-0.32,36,5.15,37.841739654541,1811.39599609375,103.809150695801,4,3,233,1
634,634,-0.14,-0.73,-0.32,36,4.93,31.7354354858398,1807.31799316406,231.647933959961,4,3,234,1
635,635,-0.14,-0.73,-0.32,19,1.38,35.4416770935059,1261.29296875,173.293029785156,4,1,235,1
636,636,-0.14,-0.73,-0.32,19,1.38,33.5896224975586,1258.17395019531,169.261627197266,4,1,236,1
637,637,-0.01,-1.09,-0.16,17,1.66,32.3162498474121,1244.623046875,150.459457397461,4,3,237,1
638,638,-0.14,-0.73,-0.32,8,1.16,11.6674814224243,766.767028808594,122.387741088867,4,3,238,1
639,639,-0.1,-0.62,-0.27,5,1.17,13.2392511367798,575.765991210938,340.117218017578,2,1,239,1
640,640,-0.1,-0.62,-0.27,6,1.77,17.2015953063965,610.036010742188,300.262939453125,1,1,240,1
641,641,-0.11,-0.65,-0.32,31,3.85,39.0933723449707,1614.22094726562,78.7609710693359,4,3,241,1
642,642,-0.19,-0.72,-0.36,36,4.94,50.3407363891602,1788.14697265625,114.67308807373,4,3,242,1
643,643,-0.19,-0.72,-0.36,35,4.66,37.2207145690918,1855.79504394531,143.026062011719,2,4,243,1
644,644,-0.11,-0.65,-0.32,40,5.83,45.0970726013184,1647.75695800781,233.407867431641,4,1,244,1
645,645,-0.19,-0.72,-0.36,23,3.44,15.0422620773315,1537.59594726562,168.066101074219,2,3,245,1
646,646,-0.11,-0.65,-0.32,36,4.2,40.5168190002441,1645.93994140625,184.278030395508,3,1,246,1
647,647,-0.19,-0.72,-0.36,37,4.49,22.1304893493652,1708.18603515625,80.623908996582,2,1,247,1
648,648,-0.19,-0.72,-0.36,34,4.15,39.7359313964844,1404.84704589844,162.001388549805,3,1,248,1
649,649,-0.19,-0.72,-0.36,28,3.54,39.5205879211426,1374.02294921875,206.661743164062,4,3,249,1
650,650,-0.19,-0.72,-0.36,32,3.61,62.1047782897949,1658.82495117188,115.42414855957,4,4,250,1
651,651,-0.19,-0.72,-0.36,26,3.28,33.4307250976562,1149.42102050781,268.935180664062,3,1,251,1
652,652,-0.19,-0.72,-0.36,34,3.95,25.6840915679932,1502.97302246094,168.31787109375,2,3,252,1
653,653,-0.19,-0.72,-0.36,20,2.41,28.3657379150391,1323.13696289062,339.469360351562,3,3,253,1
654,654,-0.03,-1.03,-0.17,25,2.55,28.8004360198975,1302.79504394531,187.57551574707,3,3,254,1
655,655,-0.03,-1.03,-0.17,21,2.27,30.9414920806885,1284.39697265625,178.982025146484,3,3,255,1
656,656,-0.01,-1.09,-0.16,9,1.18,43.826343536377,885.901000976562,296.198059082031,3,3,256,1
657,657,-0.03,-1.03,-0.17,4,1.18,27.4206581115723,631.640991210938,171.835113525391,2,1,257,1
658,658,-0.03,-1.03,-0.17,4,1.18,48.2440757751465,561.994018554688,150.373901367188,4,1,258,1
659,659,-0.01,-1.09,-0.16,7,1.16,43.7416725158691,662.903015136719,168.017150878906,4,4,259,1
660,660,-0.03,-1.03,-0.17,4,1.18,24.1639518737793,557.786010742188,132.178405761719,4,1,260,1
661,661,-0.11,-0.65,-0.32,31,3.85,36.1777534484863,1613.76196289062,74.22900390625,4,3,261,1
662,662,-0.12,-0.87,-0.28,30,4.53,39.3716125488281,1477.75805664062,319.138000488281,3,3,262,1
663,663,-0.12,-0.87,-0.28,23,3.41,43.4631652832031,1380.48205566406,55.5879211425781,2,3,263,1
664,664,-0.12,-0.64,-0.25,13,2,23.0188579559326,1015.13598632812,87.2168197631836,3,4,264,1
665,665,-0.06,-0.77,-0.24,9,1.35,38.7257957458496,577.598022460938,26.425121307373,2,3,265,1
666,666,-0.06,-0.77,-0.24,6,0.42,18.0440483093262,615.547973632812,294.84375,1,1,266,1
667,667,-0.06,-0.77,-0.24,6,0.42,28.7785968780518,648.513000488281,321.838836669922,3,1,267,1
668,668,-0.06,-0.77,-0.24,10,0.84,33.1240158081055,685.205017089844,7.54098510742188,2,3,268,1
669,669,-0.06,-0.77,-0.24,10,0.84,29.49342918396,752.963012695312,64.8224029541016,2,4,269,1
670,670,-0.06,-0.77,-0.24,4,1.26,32.0399856567383,647.244995117188,9.71585845947266,1,3,270,1
671,671,-0.15,-0.61,-0.29,5,0.39,43.4812202453613,766.268981933594,23.4566650390625,3,1,271,1
672,672,-0.15,-0.61,-0.29,6,0.82,48.8024253845215,1043.87097167969,318.715881347656,3,3,272,1
673,673,-0.06,-0.77,-0.24,19,1.78,36.5093955993652,1013.80902099609,32.3092269897461,3,3,273,1
674,674,-0.06,-0.77,-0.24,19,1.78,26.7975540161133,1067.18505859375,37.8607139587402,3,3,274,1
675,675,-0.23,-0.84,-0.36,21,2.48,16.492639541626,1058.83996582031,300.294250488281,3,1,275,1
676,676,-0.23,-0.84,-0.36,32,4.04,24.6916580200195,1226.15905761719,306.152648925781,3,1,276,1
677,677,-0.18,-0.69,-0.4,36,4.82,44.9003677368164,1586.23999023438,233.098876953125,3,3,277,1
678,678,-0.12,-0.87,-0.28,27,4.7,39.0900573730469,1607.27795410156,11.0009613037109,3,3,278,1
679,679,-0.09,-0.56,-0.32,20,5.37,28.1206970214844,1437.19995117188,13.0490570068359,3,3,279,1
680,680,-0.09,-0.56,-0.32,13,1.72,47.6188507080078,934.7919921875,4.51361083984375,3,1,280,1
681,681,-0.09,-0.56,-0.32,13,1.72,46.1355628967285,951.898986816406,14.1868438720703,3,1,281,1
682,682,-0.15,-0.73,-0.39,11,0.66,31.3668613433838,844.81298828125,91.5877990722656,2,1,282,1
683,683,0,-1,-0.16,6,1.16,38.7747497558594,751.195983886719,358.706970214844,3,3,283,1
684,684,-0.12,-0.87,-0.28,13,1.87,25.8775863647461,1049.22302246094,315.517395019531,2,1,284,1
685,685,-0.12,-0.87,-0.28,16,3.14,39.0531272888184,1282.32702636719,324.337066650391,3,1,285,1
686,686,-0.09,-0.56,-0.32,28,5.91,32.9568824768066,1681.02600097656,328.311950683594,3,3,286,1
687,687,-0.15,-0.61,-0.29,5,0.39,41.3127479553223,980.47998046875,6.94291687011719,3,4,287,1
688,688,-0.23,-0.84,-0.36,28,3.59,43.9943923950195,1150.75,75.4147033691406,3,3,288,1
689,689,-0.06,-0.77,-0.24,7,1.22,29.2426891326904,713.635986328125,5.25253295898438,3,1,289,1
690,690,-0.15,-0.61,-0.29,14,1.21,41.9084358215332,944.622009277344,270.238647460938,3,3,290,1
691,691,-0.06,-0.77,-0.24,3,1.44,9.36775398254395,643.455993652344,332.716827392578,3,1,291,1
692,692,-0.06,-0.77,-0.24,10,0.84,40.3542213439941,657.018005371094,51.0308647155762,2,1,292,1
693,693,-0.06,-0.77,-0.24,10,0.84,36.1402015686035,661.890014648438,27.9694633483887,2,1,293,1
694,694,-0.06,-0.77,-0.24,6,0.63,29.6946067810059,896.203002929688,77.8514938354492,3,1,294,1
695,695,-0.12,-0.64,-0.25,9,0.75,35.2674217224121,914.403015136719,9.92447662353516,3,1,295,1
696,696,-0.03,-1.03,-0.17,10,1.27,16.0561809539795,1014.04400634766,114.503784179688,4,1,296,1
697,697,-0.03,-1.03,-0.17,5,1.19,29.2085285186768,679.745971679688,149.27734375,2,3,297,1
698,698,-0.03,-1.03,-0.17,4,1.19,26.7119216918945,713.215026855469,160.933776855469,2,1,298,1
699,699,-0.03,-1.03,-0.17,5,1.17,36.7736206054688,737.843017578125,137.1005859375,2,1,299,1
700,700,-0.03,-1.03,-0.17,5,1.17,15.6142730712891,742.81298828125,172.161437988281,2,1,300,1
701,701,-0.03,-1.03,-0.17,4,1.19,20.8141269683838,543.757995605469,174.0537109375,2,1,301,1
702,702,-0.03,-1.03,-0.17,5,1.15,43.9552001953125,858.843994140625,156.060241699219,4,4,302,1
703,703,-0.03,-1.03,-0.17,5,1.15,33.629955291748,792.445983886719,157.74755859375,4,3,303,1
704,704,-0.03,-1.03,-0.17,2,29998.17,30.4750480651855,499.815002441406,238.640930175781,4,3,304,1
705,705,-0.03,-1.03,-0.17,5,1.17,41.4213485717773,620.827026367188,198.845748901367,2,3,305,1
706,706,-0.03,-1.03,-0.17,5,1.15,35.0631790161133,584.007019042969,180.051071166992,4,1,306,1
707,707,-0.03,-1.03,-0.17,5,1.17,38.8966102600098,646.914978027344,172.208862304688,2,3,307,1
708,708,-0.03,-1.03,-0.17,5,1.15,22.5544376373291,564.492004394531,140.127044677734,2,3,308,1
709,709,-0.03,-1.03,-0.17,5,1.15,30.9889450073242,532.958984375,179.940322875977,2,1,309,1
710,710,-0.03,-1.03,-0.17,5,1.15,36.4663429260254,557.869995117188,185.586303710938,3,1,310,1
711,711,-0.03,-1.03,-0.17,5,1.15,32.0908279418945,534.0009765625,189.002777099609,4,1,311,1
712,712,-0.03,-1.03,-0.17,4,1.15,36.0262298583984,804.554016113281,208.768188476562,3,3,312,1
713,713,-0.19,-0.72,-0.36,20,2.41,34.2104377746582,1160.68701171875,303.225708007812,2,1,313,1
714,714,-0.03,-1.03,-0.17,5,1.19,15.5236406326294,643.278015136719,177.421447753906,2,1,314,1
715,715,-0.19,-0.72,-0.36,37,4.49,19.7918071746826,1817.50695800781,168.683395385742,2,1,315,1
716,716,-0.03,-1.03,-0.17,9,1.22,34.78125,1139.69494628906,172.189254760742,2,3,316,1
717,717,-0.19,-0.72,-0.36,37,4.07,35.5282211303711,1750.57495117188,156.867965698242,2,1,317,1
718,718,-0.1,-0.62,-0.27,6,1.77,16.2351016998291,651.469970703125,321.97412109375,1,1,318,1
719,719,-0.1,-0.62,-0.27,5,1.17,31.0547561645508,617.476989746094,18.7049102783203,3,1,319,1
